,VendorID,tpep_pickup_datetime,tpep_dropoff_datetime,passenger_count,trip_distance,RatecodeID,store_and_fwd_flag,PULocationID,DOLocationID,payment_type,fare_amount,extra,mta_tax,tip_amount,tolls_amount,improvement_surcharge,total_amount,congestion_surcharge
400000,2.0,01/03/2020 01:12:45 PM,01/03/2020 01:17:04 PM,1.0,0.9,1.0,N,140.0,141.0,1.0,5.5,0.0,0.5,2.64,0.0,0.3,11.44,2.5
400001,2.0,01/03/2020 01:22:19 PM,01/03/2020 01:29:18 PM,1.0,0.92,1.0,N,141.0,237.0,1.0,6.5,0.0,0.5,2.94,0.0,0.3,12.74,2.5
400002,2.0,01/03/2020 01:46:58 PM,01/03/2020 01:56:07 PM,1.0,1.57,1.0,N,141.0,236.0,1.0,8.5,0.0,0.5,2.0,0.0,0.3,13.8,2.5
400003,2.0,01/03/2020 01:08:48 PM,01/03/2020 01:29:43 PM,1.0,4.74,1.0,N,48.0,112.0,1.0,18.0,0.0,0.5,3.2,0.0,0.3,24.5,2.5
400004,2.0,01/03/2020 01:10:14 PM,01/03/2020 01:19:30 PM,1.0,1.07,1.0,N,230.0,100.0,2.0,7.5,0.0,0.5,0.0,0.0,0.3,10.8,2.5
400005,2.0,01/03/2020 01:25:39 PM,01/03/2020 01:38:41 PM,1.0,2.16,1.0,N,48.0,237.0,2.0,10.5,0.0,0.5,0.0,0.0,0.3,13.8,2.5
400006,2.0,01/03/2020 01:53:31 PM,01/03/2020 01:57:45 PM,1.0,0.72,1.0,N,263.0,236.0,1.0,5.0,0.0,0.5,1.66,0.0,0.3,9.96,2.5
400007,2.0,01/03/2020 01:29:02 PM,01/03/2020 01:47:11 PM,3.0,3.35,1.0,N,142.0,170.0,2.0,14.0,0.0,0.5,0.0,0.0,0.3,17.3,2.5
400008,2.0,01/03/2020 01:54:53 PM,01/03/2020 02:17:28 PM,3.0,2.12,1.0,N,100.0,162.0,2.0,14.5,0.0,0.5,0.0,0.0,0.3,17.8,2.5
400009,2.0,01/03/2020 01:23:23 PM,01/03/2020 01:39:17 PM,2.0,3.07,1.0,N,230.0,236.0,1.0,13.5,0.0,0.5,2.52,0.0,0.3,19.32,2.5
400010,2.0,01/03/2020 01:39:39 PM,01/03/2020 01:49:40 PM,2.0,1.8,1.0,N,236.0,237.0,1.0,9.5,0.0,0.5,1.92,0.0,0.3,14.72,2.5
400011,1.0,01/03/2020 01:30:43 PM,01/03/2020 01:41:07 PM,1.0,1.7,1.0,Y,100.0,113.0,1.0,8.5,2.5,0.5,1.0,0.0,0.3,12.8,2.5
400012,1.0,01/03/2020 01:42:28 PM,01/03/2020 01:51:01 PM,3.0,1.5,1.0,Y,113.0,137.0,1.0,7.5,2.5,0.5,2.15,0.0,0.3,12.95,2.5
400013,2.0,01/03/2020 01:28:48 PM,01/03/2020 01:38:53 PM,5.0,1.54,1.0,N,43.0,161.0,2.0,8.5,0.0,0.5,0.0,0.0,0.3,11.8,2.5
400014,2.0,01/03/2020 01:46:30 PM,01/03/2020 01:55:41 PM,5.0,1.26,1.0,N,163.0,100.0,2.0,7.5,0.0,0.5,0.0,0.0,0.3,10.8,2.5
400015,1.0,01/03/2020 01:07:28 PM,01/03/2020 01:19:20 PM,4.0,1.1,1.0,N,48.0,164.0,2.0,8.5,2.5,0.5,0.0,0.0,0.3,11.8,2.5
400016,1.0,01/03/2020 01:29:37 PM,01/03/2020 01:42:14 PM,1.0,1.2,1.0,N,186.0,230.0,2.0,9.0,2.5,0.5,0.0,0.0,0.3,12.3,2.5
400017,1.0,01/03/2020 01:02:21 PM,01/03/2020 01:10:17 PM,1.0,1.2,1.0,N,151.0,239.0,2.0,7.5,2.5,0.5,0.0,0.0,0.3,10.8,2.5
400018,1.0,01/03/2020 01:51:04 PM,01/03/2020 02:07:12 PM,2.0,2.1,1.0,N,143.0,100.0,1.0,12.0,2.5,0.5,3.05,0.0,0.3,18.35,2.5
400019,2.0,01/03/2020 01:06:03 PM,01/03/2020 01:13:37 PM,1.0,1.79,1.0,N,142.0,141.0,1.0,8.0,0.0,0.5,1.59,0.0,0.3,12.89,2.5
400020,2.0,01/03/2020 01:19:41 PM,01/03/2020 01:24:26 PM,1.0,1.49,1.0,N,229.0,137.0,1.0,6.5,0.0,0.5,1.2,0.0,0.3,11.0,2.5
400021,2.0,01/03/2020 01:39:44 PM,01/03/2020 01:50:59 PM,1.0,2.61,1.0,N,170.0,237.0,1.0,10.5,0.0,0.5,0.0,0.0,0.3,11.3,0.0
400022,2.0,01/03/2020 01:55:35 PM,01/03/2020 02:03:34 PM,1.0,1.02,1.0,N,236.0,262.0,2.0,6.5,0.0,0.5,0.0,0.0,0.3,9.8,2.5
400023,2.0,01/03/2020 01:03:22 PM,01/03/2020 01:08:53 PM,6.0,0.97,1.0,N,142.0,237.0,2.0,6.0,0.0,0.5,0.0,0.0,0.3,9.3,2.5
400024,2.0,01/03/2020 01:16:48 PM,01/03/2020 01:23:57 PM,6.0,1.04,1.0,N,229.0,170.0,1.0,6.5,0.0,0.5,1.96,0.0,0.3,11.76,2.5
400025,1.0,01/03/2020 01:18:13 PM,01/03/2020 01:47:24 PM,2.0,8.4,1.0,N,142.0,138.0,1.0,28.0,2.5,0.5,6.25,0.0,0.3,37.55,2.5
400026,2.0,01/03/2020 01:19:15 PM,01/03/2020 01:24:15 PM,1.0,0.63,1.0,N,236.0,236.0,1.0,5.0,0.0,0.5,0.83,0.0,0.3,9.13,2.5
400027,2.0,01/03/2020 01:25:11 PM,01/03/2020 01:31:55 PM,1.0,1.44,1.0,N,236.0,239.0,1.0,7.0,0.0,0.5,2.06,0.0,0.3,12.36,2.5
400028,2.0,01/03/2020 01:34:54 PM,01/03/2020 01:37:07 PM,1.0,0.39,1.0,N,239.0,238.0,1.0,3.5,0.0,0.5,2.0,0.0,0.3,8.8,2.5
400029,1.0,01/03/2020 01:36:00 PM,01/03/2020 01:53:50 PM,2.0,2.0,1.0,N,68.0,162.0,2.0,12.5,2.5,0.5,0.0,0.0,0.3,15.8,2.5
400030,1.0,01/03/2020 01:57:06 PM,01/03/2020 02:14:59 PM,1.0,1.4,1.0,N,233.0,186.0,1.0,12.0,2.5,0.5,3.05,0.0,0.3,18.35,2.5
400031,2.0,01/03/2020 01:15:39 PM,01/03/2020 01:25:39 PM,1.0,1.94,1.0,N,170.0,234.0,2.0,9.0,0.0,0.5,0.0,0.0,0.3,12.3,2.5
400032,2.0,01/03/2020 01:11:32 PM,01/03/2020 01:19:17 PM,1.0,1.51,1.0,N,237.0,236.0,1.0,7.5,0.0,0.5,1.3,0.0,0.3,12.1,2.5
400033,2.0,01/03/2020 01:32:07 PM,01/03/2020 01:38:52 PM,1.0,0.55,1.0,N,237.0,141.0,2.0,6.0,0.0,0.5,0.0,0.0,0.3,9.3,2.5
400034,2.0,01/03/2020 01:42:01 PM,01/03/2020 01:48:34 PM,1.0,1.3,1.0,N,237.0,236.0,1.0,6.5,0.0,0.5,1.47,0.0,0.3,11.27,2.5
400035,2.0,01/03/2020 01:51:32 PM,01/03/2020 01:58:29 PM,1.0,1.24,1.0,N,236.0,238.0,2.0,7.0,0.0,0.5,0.0,0.0,0.3,10.3,2.5
400036,2.0,01/03/2020 01:25:12 PM,01/03/2020 01:31:30 PM,1.0,0.78,1.0,N,170.0,48.0,2.0,6.0,0.0,0.5,0.0,0.0,0.3,9.3,2.5
400037,2.0,01/03/2020 01:26:18 PM,01/03/2020 01:32:12 PM,1.0,0.73,1.0,N,164.0,234.0,1.0,5.5,0.0,0.5,1.76,0.0,0.3,10.56,2.5
400038,2.0,01/03/2020 01:37:55 PM,01/03/2020 01:41:37 PM,2.0,0.47,1.0,N,170.0,161.0,2.0,4.5,0.0,0.5,0.0,0.0,0.3,7.8,2.5
400039,2.0,01/03/2020 01:42:27 PM,01/03/2020 01:49:27 PM,2.0,0.96,1.0,N,161.0,170.0,1.0,6.0,0.0,0.5,1.86,0.0,0.3,11.16,2.5
400040,2.0,01/03/2020 01:07:09 PM,01/03/2020 01:13:20 PM,2.0,1.19,1.0,N,239.0,238.0,1.0,6.5,0.0,0.5,1.96,0.0,0.3,11.76,2.5
400041,2.0,01/03/2020 01:20:38 PM,01/03/2020 01:28:02 PM,1.0,1.1,1.0,N,239.0,143.0,1.0,7.0,0.0,0.5,2.06,0.0,0.3,12.36,2.5
400042,2.0,01/03/2020 01:29:37 PM,01/03/2020 01:34:45 PM,1.0,1.25,1.0,N,143.0,50.0,1.0,6.0,0.0,0.5,1.86,0.0,0.3,11.16,2.5
400043,2.0,01/03/2020 12:57:36 PM,01/03/2020 01:04:12 PM,3.0,1.22,1.0,N,142.0,230.0,1.0,6.5,0.0,0.5,1.96,0.0,0.3,11.76,2.5
400044,2.0,01/03/2020 01:08:05 PM,01/03/2020 01:17:10 PM,2.0,1.72,1.0,N,163.0,68.0,2.0,8.5,0.0,0.5,0.0,0.0,0.3,11.8,2.5
400045,2.0,01/03/2020 01:24:34 PM,01/03/2020 01:32:59 PM,1.0,1.18,1.0,N,48.0,143.0,1.0,7.0,0.0,0.5,2.06,0.0,0.3,12.36,2.5
400046,2.0,01/03/2020 01:07:40 PM,01/03/2020 01:22:24 PM,1.0,2.34,1.0,N,209.0,107.0,1.0,11.5,0.0,0.5,2.96,0.0,0.3,19.71,2.5
400047,2.0,01/03/2020 01:35:30 PM,01/03/2020 01:42:50 PM,1.0,1.2,1.0,N,162.0,237.0,1.0,7.0,0.0,0.5,2.06,0.0,0.3,12.36,2.5
400048,2.0,01/03/2020 01:31:43 PM,01/03/2020 01:35:52 PM,1.0,0.87,1.0,N,162.0,170.0,1.0,5.0,0.0,0.5,1.24,0.0,0.3,9.54,2.5
400049,2.0,01/03/2020 01:37:51 PM,01/03/2020 01:49:28 PM,1.0,1.79,1.0,N,170.0,246.0,1.0,9.0,0.0,0.5,2.46,0.0,0.3,14.76,2.5
400050,2.0,01/03/2020 01:52:18 PM,01/03/2020 02:06:30 PM,1.0,2.09,1.0,N,68.0,162.0,1.0,11.0,0.0,0.5,2.86,0.0,0.3,17.16,2.5
400051,1.0,01/03/2020 01:54:31 PM,01/03/2020 02:14:04 PM,5.0,8.4,1.0,N,43.0,261.0,2.0,25.5,2.5,0.5,0.0,0.0,0.3,28.8,2.5
400052,1.0,01/03/2020 01:13:14 PM,01/03/2020 01:28:14 PM,2.0,1.3,1.0,N,186.0,230.0,1.0,10.5,2.5,0.5,2.75,0.0,0.3,16.55,2.5
400053,1.0,01/03/2020 01:31:20 PM,01/03/2020 01:43:57 PM,1.0,1.9,1.0,N,230.0,236.0,2.0,10.0,2.5,0.5,0.0,0.0,0.3,13.3,2.5
400054,1.0,01/03/2020 01:47:27 PM,01/03/2020 01:57:05 PM,1.0,1.3,1.0,N,236.0,262.0,1.0,8.0,2.5,0.5,1.7,0.0,0.3,13.0,2.5
400055,2.0,01/03/2020 01:11:27 PM,01/03/2020 01:16:28 PM,1.0,0.53,1.0,N,161.0,161.0,2.0,5.0,0.0,0.5,0.0,0.0,0.3,8.3,2.5
400056,2.0,01/03/2020 01:22:06 PM,01/03/2020 01:26:53 PM,1.0,0.87,1.0,N,234.0,113.0,1.0,5.5,0.0,0.5,1.76,0.0,0.3,10.56,2.5
400057,2.0,01/03/2020 01:49:48 PM,01/03/2020 01:52:50 PM,1.0,0.8,1.0,N,48.0,142.0,2.0,4.5,0.0,0.5,0.0,0.0,0.3,7.8,2.5
400058,2.0,01/03/2020 01:57:21 PM,01/03/2020 02:07:55 PM,2.0,1.66,1.0,N,239.0,141.0,1.0,9.0,0.0,0.5,2.46,0.0,0.3,14.76,2.5
400059,2.0,01/03/2020 01:21:33 PM,01/03/2020 01:27:20 PM,1.0,0.74,1.0,N,170.0,161.0,1.0,5.5,0.0,0.5,1.76,0.0,0.3,10.56,2.5
400060,2.0,01/03/2020 01:28:19 PM,01/03/2020 01:37:52 PM,1.0,0.47,1.0,N,161.0,230.0,2.0,7.0,0.0,0.5,0.0,0.0,0.3,10.3,2.5
400061,2.0,01/03/2020 01:32:25 PM,01/03/2020 02:03:34 PM,1.0,10.28,1.0,N,138.0,230.0,1.0,32.5,0.0,0.5,8.38,6.12,0.3,50.3,2.5
400062,2.0,01/03/2020 01:47:01 PM,01/03/2020 01:59:36 PM,1.0,3.46,1.0,N,262.0,162.0,1.0,13.0,0.0,0.5,4.89,0.0,0.3,21.19,2.5
400063,2.0,01/03/2020 01:46:44 PM,01/03/2020 01:56:03 PM,1.0,1.45,1.0,N,237.0,162.0,1.0,8.0,0.0,0.5,2.82,0.0,0.3,14.12,2.5
400064,2.0,01/03/2020 01:09:48 PM,01/03/2020 01:13:40 PM,1.0,0.67,1.0,N,90.0,100.0,1.0,5.0,0.0,0.5,1.66,0.0,0.3,9.96,2.5
400065,2.0,01/03/2020 01:15:41 PM,01/03/2020 01:37:21 PM,1.0,3.22,1.0,N,48.0,140.0,1.0,16.0,0.0,0.5,3.2,0.0,0.3,22.5,2.5
400066,2.0,01/03/2020 01:16:27 PM,01/03/2020 01:25:33 PM,1.0,1.8,1.0,N,41.0,239.0,1.0,8.5,0.0,0.5,0.94,0.0,0.3,12.74,2.5
400067,2.0,01/03/2020 01:44:55 PM,01/03/2020 01:54:23 PM,1.0,1.36,1.0,N,68.0,170.0,1.0,7.5,0.0,0.5,2.16,0.0,0.3,12.96,2.5
400068,1.0,01/03/2020 01:00:03 PM,01/03/2020 01:16:58 PM,1.0,2.2,1.0,N,90.0,148.0,1.0,12.0,2.5,0.5,3.8,0.0,0.3,19.1,2.5
400069,1.0,01/03/2020 01:20:02 PM,01/03/2020 01:29:53 PM,2.0,0.9,1.0,N,148.0,144.0,1.0,7.5,2.5,0.5,2.15,0.0,0.3,12.95,2.5
400070,1.0,01/03/2020 01:54:20 PM,01/03/2020 02:07:27 PM,2.0,1.6,1.0,N,161.0,236.0,2.0,10.0,2.5,0.5,0.0,0.0,0.3,13.3,2.5
400071,2.0,01/03/2020 01:02:01 PM,01/03/2020 01:10:20 PM,1.0,2.36,1.0,N,162.0,263.0,1.0,9.0,0.0,0.5,3.69,0.0,0.3,15.99,2.5
400072,2.0,01/03/2020 01:16:50 PM,01/03/2020 01:21:48 PM,1.0,0.99,1.0,N,75.0,74.0,2.0,5.5,0.0,0.5,0.0,0.0,0.3,6.3,0.0
400073,2.0,01/03/2020 01:29:10 PM,01/03/2020 01:34:35 PM,1.0,2.13,1.0,N,74.0,194.0,2.0,8.0,0.0,0.5,0.0,6.12,0.3,14.92,0.0
400074,2.0,01/03/2020 01:04:24 PM,01/03/2020 01:13:06 PM,1.0,1.53,1.0,N,88.0,45.0,1.0,8.0,0.0,0.5,1.5,0.0,0.3,12.8,2.5
400075,2.0,01/03/2020 01:31:44 PM,01/03/2020 01:57:09 PM,2.0,12.23,1.0,N,231.0,138.0,1.0,35.5,0.0,0.5,7.76,0.0,0.3,46.56,2.5
400076,2.0,01/03/2020 01:28:58 PM,01/03/2020 01:35:59 PM,1.0,1.1,1.0,N,260.0,82.0,2.0,6.5,0.0,0.5,0.0,0.0,0.3,7.3,0.0
400077,1.0,01/03/2020 01:29:18 PM,01/03/2020 01:53:41 PM,1.0,3.3,1.0,N,140.0,100.0,1.0,16.5,2.5,0.5,3.95,0.0,0.3,23.75,2.5
400078,2.0,01/03/2020 01:52:12 PM,01/03/2020 02:09:43 PM,3.0,3.2,1.0,N,163.0,125.0,2.0,13.5,0.0,0.5,0.0,0.0,0.3,16.8,2.5
400079,2.0,01/03/2020 01:33:35 PM,01/03/2020 01:39:39 PM,1.0,0.66,1.0,N,13.0,261.0,1.0,5.5,0.0,0.5,2.2,0.0,0.3,11.0,2.5
400080,2.0,01/03/2020 01:41:12 PM,01/03/2020 02:03:28 PM,1.0,2.57,1.0,N,261.0,232.0,1.0,15.5,0.0,0.5,5.64,0.0,0.3,24.44,2.5
400081,2.0,01/03/2020 12:48:54 PM,01/03/2020 12:54:55 PM,1.0,2.05,1.0,N,50.0,239.0,1.0,8.0,0.0,0.5,3.39,0.0,0.3,14.69,2.5
400082,2.0,01/03/2020 01:06:55 PM,01/03/2020 01:24:23 PM,1.0,2.98,1.0,N,43.0,164.0,2.0,13.5,0.0,0.5,0.0,0.0,0.3,16.8,2.5
400083,2.0,01/03/2020 01:07:28 PM,01/03/2020 01:14:33 PM,3.0,1.35,1.0,N,229.0,141.0,1.0,7.0,0.0,0.5,1.03,0.0,0.3,11.33,2.5
400084,2.0,01/03/2020 01:50:27 PM,01/03/2020 02:15:38 PM,3.0,3.73,1.0,N,141.0,90.0,2.0,17.5,0.0,0.5,0.0,0.0,0.3,20.8,2.5
400085,2.0,01/03/2020 01:54:15 PM,01/03/2020 01:56:14 PM,6.0,0.34,1.0,N,90.0,164.0,1.0,3.5,0.0,0.5,1.36,0.0,0.3,8.16,2.5
400086,2.0,01/03/2020 01:17:37 PM,01/03/2020 01:31:18 PM,1.0,1.3,1.0,N,229.0,163.0,2.0,9.5,0.0,0.5,0.0,0.0,0.3,12.8,2.5
400087,2.0,01/03/2020 01:07:07 PM,01/03/2020 01:17:00 PM,1.0,1.45,1.0,N,163.0,236.0,2.0,8.5,0.0,0.5,0.0,0.0,0.3,11.8,2.5
400088,2.0,01/03/2020 01:28:56 PM,01/03/2020 01:34:35 PM,2.0,0.56,1.0,N,262.0,236.0,2.0,5.5,0.0,0.5,0.0,0.0,0.3,8.8,2.5
400089,2.0,01/03/2020 01:42:01 PM,01/03/2020 01:51:58 PM,1.0,1.27,1.0,N,186.0,230.0,1.0,8.0,0.0,0.5,2.26,0.0,0.3,13.56,2.5
400090,1.0,01/03/2020 01:21:51 PM,01/03/2020 01:27:18 PM,2.0,0.7,1.0,N,236.0,263.0,1.0,5.5,2.5,0.5,1.75,0.0,0.3,10.55,2.5
400091,1.0,01/03/2020 01:32:42 PM,01/03/2020 01:44:45 PM,2.0,1.9,1.0,N,140.0,162.0,1.0,10.0,2.5,0.5,2.0,0.0,0.3,15.3,2.5
400092,1.0,01/03/2020 01:48:09 PM,01/03/2020 02:02:52 PM,2.0,1.6,1.0,N,170.0,186.0,1.0,10.5,2.5,0.5,2.75,0.0,0.3,16.55,2.5
400093,1.0,01/03/2020 01:07:23 PM,01/03/2020 01:18:25 PM,2.0,1.0,1.0,N,100.0,107.0,2.0,8.5,2.5,0.5,0.0,0.0,0.3,11.8,2.5
400094,1.0,01/03/2020 01:21:27 PM,01/03/2020 01:28:48 PM,2.0,1.1,1.0,N,107.0,114.0,1.0,7.0,2.5,0.5,2.05,0.0,0.3,12.35,2.5
400095,1.0,01/03/2020 01:50:45 PM,01/03/2020 02:13:23 PM,1.0,4.9,1.0,N,158.0,141.0,2.0,18.5,2.5,0.5,0.0,0.0,0.3,21.8,2.5
400096,1.0,01/03/2020 01:04:22 PM,01/03/2020 01:15:39 PM,1.0,2.0,1.0,N,239.0,48.0,1.0,10.0,2.5,0.5,2.65,0.0,0.3,15.95,2.5
400097,1.0,01/03/2020 01:20:00 PM,01/03/2020 01:29:25 PM,1.0,1.6,1.0,N,48.0,237.0,1.0,8.5,2.5,0.5,1.18,0.0,0.3,12.98,2.5
400098,1.0,01/03/2020 01:42:17 PM,01/03/2020 01:51:10 PM,2.0,0.8,1.0,N,237.0,237.0,1.0,7.0,2.5,0.5,2.0,0.0,0.3,12.3,2.5
400099,1.0,01/03/2020 01:56:57 PM,01/03/2020 01:58:06 PM,1.0,0.4,1.0,N,237.0,237.0,1.0,3.5,2.5,0.5,1.35,0.0,0.3,8.15,2.5
400100,1.0,01/03/2020 01:57:32 PM,01/03/2020 01:57:35 PM,1.0,0.0,1.0,N,130.0,130.0,3.0,2.5,0.0,0.5,0.0,0.0,0.3,3.3,0.0
400101,2.0,01/03/2020 01:24:28 PM,01/03/2020 01:29:03 PM,2.0,0.8,1.0,N,249.0,125.0,1.0,5.0,0.0,0.5,5.0,0.0,0.3,13.3,2.5
400102,2.0,01/03/2020 01:51:32 PM,01/03/2020 02:05:03 PM,2.0,2.26,1.0,N,164.0,141.0,1.0,11.0,0.0,0.5,2.86,0.0,0.3,17.16,2.5
400103,2.0,01/03/2020 01:25:27 PM,01/03/2020 01:28:04 PM,5.0,0.54,1.0,N,113.0,234.0,1.0,4.0,0.0,0.5,1.82,0.0,0.3,9.12,2.5
400104,2.0,01/03/2020 01:34:55 PM,01/03/2020 01:36:27 PM,5.0,0.35,1.0,N,170.0,170.0,2.0,3.5,0.0,0.5,0.0,0.0,0.3,6.8,2.5
400105,2.0,01/03/2020 01:40:29 PM,01/03/2020 01:49:42 PM,4.0,1.07,1.0,N,170.0,186.0,2.0,7.5,0.0,0.5,0.0,0.0,0.3,10.8,2.5
400106,2.0,01/03/2020 01:51:50 PM,01/03/2020 02:02:20 PM,4.0,1.0,1.0,N,68.0,170.0,1.0,8.0,0.0,0.5,2.82,0.0,0.3,14.12,2.5
400107,1.0,01/03/2020 01:14:19 PM,01/03/2020 01:17:33 PM,1.0,0.5,1.0,N,164.0,161.0,1.0,4.5,2.5,0.5,1.17,0.0,0.3,8.97,2.5
400108,1.0,01/03/2020 01:26:36 PM,01/03/2020 01:29:42 PM,1.0,0.7,1.0,N,237.0,236.0,1.0,4.5,2.5,0.5,1.17,0.0,0.3,8.97,2.5
400109,1.0,01/03/2020 01:44:34 PM,01/03/2020 01:56:06 PM,2.0,1.7,1.0,N,237.0,262.0,1.0,9.0,2.5,0.5,0.0,0.0,0.3,12.3,2.5
400110,1.0,01/03/2020 01:58:57 PM,01/03/2020 02:03:45 PM,1.0,0.8,1.0,N,262.0,141.0,1.0,5.5,2.5,0.5,1.0,0.0,0.3,9.8,2.5
400111,2.0,01/03/2020 01:23:20 PM,01/03/2020 01:38:23 PM,1.0,2.88,1.0,N,256.0,144.0,2.0,13.0,0.0,0.5,0.0,0.0,0.3,16.3,2.5
400112,2.0,01/03/2020 01:44:14 PM,01/03/2020 01:53:32 PM,1.0,1.15,1.0,N,211.0,113.0,1.0,7.5,0.0,0.5,3.24,0.0,0.3,14.04,2.5
400113,1.0,01/03/2020 01:06:06 PM,01/03/2020 01:25:23 PM,1.0,7.9,1.0,N,263.0,138.0,1.0,24.0,2.5,0.5,8.35,6.12,0.3,41.77,2.5
400114,2.0,01/03/2020 01:01:14 PM,01/03/2020 01:10:09 PM,1.0,1.12,1.0,N,163.0,237.0,1.0,7.0,0.0,0.5,1.0,0.0,0.3,11.3,2.5
400115,2.0,01/03/2020 01:33:04 PM,01/03/2020 01:37:53 PM,1.0,0.49,1.0,N,229.0,162.0,1.0,5.0,0.0,0.5,2.49,0.0,0.3,10.79,2.5
400116,2.0,01/03/2020 01:40:10 PM,01/03/2020 01:47:50 PM,1.0,1.23,1.0,N,163.0,237.0,1.0,7.0,0.0,0.5,2.58,0.0,0.3,12.88,2.5
400117,2.0,01/03/2020 01:16:58 PM,01/03/2020 02:00:38 PM,1.0,20.19,2.0,N,132.0,239.0,1.0,52.0,0.0,0.5,12.28,6.12,0.3,73.7,2.5
400118,2.0,01/03/2020 01:28:08 PM,01/03/2020 01:56:24 PM,1.0,7.86,1.0,N,48.0,129.0,1.0,26.5,0.0,0.5,5.96,0.0,0.3,35.76,2.5
400119,2.0,01/03/2020 01:14:00 PM,01/03/2020 01:17:07 PM,4.0,0.67,1.0,N,142.0,142.0,1.0,4.5,0.0,0.5,1.56,0.0,0.3,9.36,2.5
400120,2.0,01/03/2020 01:43:21 PM,01/03/2020 01:50:58 PM,4.0,1.82,1.0,N,239.0,161.0,1.0,8.0,0.0,0.5,2.82,0.0,0.3,14.12,2.5
400121,2.0,01/03/2020 01:56:52 PM,01/03/2020 02:14:07 PM,2.0,1.68,1.0,N,161.0,246.0,1.0,12.0,0.0,0.5,3.06,0.0,0.3,18.36,2.5
400122,1.0,01/03/2020 01:28:58 PM,01/03/2020 01:49:34 PM,1.0,7.1,1.0,N,138.0,42.0,1.0,23.0,0.0,0.5,5.0,6.12,0.3,34.92,0.0
400123,2.0,01/03/2020 01:51:53 PM,01/03/2020 02:08:01 PM,1.0,4.9,1.0,N,13.0,144.0,2.0,17.0,0.0,0.5,0.0,0.0,0.3,20.3,2.5
400124,2.0,01/03/2020 01:06:00 PM,01/03/2020 01:14:53 PM,1.0,1.04,1.0,N,43.0,161.0,2.0,7.5,0.0,0.5,0.0,0.0,0.3,10.8,2.5
400125,2.0,01/03/2020 01:46:37 PM,01/03/2020 01:53:12 PM,1.0,1.24,1.0,N,161.0,234.0,1.0,6.5,0.0,0.5,1.96,0.0,0.3,11.76,2.5
400126,2.0,01/03/2020 01:01:41 PM,01/03/2020 01:14:36 PM,1.0,5.07,1.0,N,233.0,87.0,1.0,16.5,0.0,0.5,3.96,0.0,0.3,23.76,2.5
400127,2.0,01/03/2020 01:21:29 PM,01/03/2020 01:43:10 PM,1.0,4.24,1.0,N,261.0,161.0,1.0,17.0,0.0,0.5,2.0,0.0,0.3,22.3,2.5
400128,2.0,01/03/2020 01:47:04 PM,01/03/2020 01:49:09 PM,1.0,0.73,1.0,N,233.0,170.0,1.0,4.0,0.0,0.5,1.46,0.0,0.3,8.76,2.5
400129,2.0,01/03/2020 01:51:25 PM,01/03/2020 01:57:36 PM,1.0,1.1,1.0,N,137.0,234.0,2.0,6.0,0.0,0.5,0.0,0.0,0.3,9.3,2.5
400130,2.0,01/03/2020 01:58:28 PM,01/03/2020 02:11:03 PM,1.0,1.79,1.0,N,234.0,230.0,2.0,9.5,0.0,0.5,0.0,0.0,0.3,12.8,2.5
400131,2.0,01/03/2020 01:09:09 PM,01/03/2020 01:14:09 PM,6.0,0.75,1.0,N,140.0,237.0,2.0,5.0,0.0,0.5,0.0,0.0,0.3,8.3,2.5
400132,2.0,01/03/2020 01:47:00 PM,01/03/2020 01:57:36 PM,6.0,1.44,1.0,N,43.0,162.0,1.0,8.5,0.0,0.5,2.36,0.0,0.3,14.16,2.5
400133,2.0,01/03/2020 01:29:10 PM,01/03/2020 01:39:24 PM,3.0,1.21,1.0,N,186.0,230.0,2.0,8.5,0.0,0.5,0.0,0.0,0.3,11.8,2.5
400134,2.0,01/03/2020 01:45:15 PM,01/03/2020 02:10:46 PM,4.0,9.62,1.0,N,161.0,138.0,1.0,30.5,0.0,0.5,9.0,6.12,0.3,48.92,2.5
400135,2.0,01/03/2020 01:06:44 PM,01/03/2020 01:30:48 PM,1.0,1.98,1.0,N,186.0,229.0,1.0,15.5,0.0,0.5,3.76,0.0,0.3,22.56,2.5
400136,2.0,01/03/2020 01:44:13 PM,01/03/2020 01:55:58 PM,1.0,1.76,1.0,N,161.0,113.0,1.0,9.5,0.0,0.5,2.5,0.0,0.3,15.3,2.5
400137,1.0,01/03/2020 01:53:48 PM,01/03/2020 01:59:44 PM,1.0,0.8,1.0,N,107.0,234.0,1.0,6.0,2.5,0.5,1.85,0.0,0.3,11.15,2.5
400138,1.0,01/03/2020 01:10:13 PM,01/03/2020 01:19:19 PM,1.0,1.6,1.0,N,142.0,151.0,2.0,8.0,2.5,0.5,0.0,0.0,0.3,11.3,2.5
400139,1.0,01/03/2020 01:34:06 PM,01/03/2020 01:42:32 PM,3.0,1.5,1.0,N,239.0,48.0,1.0,8.0,2.5,0.5,1.7,0.0,0.3,13.0,2.5
400140,1.0,01/03/2020 01:54:00 PM,01/03/2020 02:08:27 PM,1.0,2.2,1.0,N,68.0,148.0,1.0,11.0,2.5,0.5,2.85,0.0,0.3,17.15,2.5
400141,1.0,01/03/2020 01:41:02 PM,01/03/2020 02:22:48 PM,1.0,28.1,1.0,N,132.0,53.0,2.0,74.0,0.0,0.5,0.0,0.0,0.3,74.8,0.0
400142,2.0,01/03/2020 01:06:26 PM,01/03/2020 01:09:52 PM,1.0,0.57,1.0,N,75.0,75.0,2.0,4.5,0.0,0.5,0.0,0.0,0.3,5.3,0.0
400143,2.0,01/03/2020 01:16:22 PM,01/03/2020 01:21:37 PM,1.0,0.74,1.0,N,74.0,74.0,1.0,5.5,0.0,0.5,1.26,0.0,0.3,7.56,0.0
400144,2.0,01/03/2020 01:17:46 PM,01/03/2020 01:28:32 PM,1.0,1.02,1.0,N,170.0,230.0,2.0,8.0,0.0,0.5,0.0,0.0,0.3,11.3,2.5
400145,2.0,01/03/2020 01:37:35 PM,01/03/2020 01:39:41 PM,1.0,0.28,1.0,N,90.0,90.0,1.0,3.5,0.0,0.5,0.68,0.0,0.3,7.48,2.5
400146,2.0,01/03/2020 01:41:23 PM,01/03/2020 01:54:15 PM,1.0,1.77,1.0,N,234.0,211.0,1.0,9.5,0.0,0.5,2.56,0.0,0.3,15.36,2.5
400147,1.0,01/03/2020 01:18:56 PM,01/03/2020 01:24:10 PM,1.0,0.8,1.0,N,42.0,41.0,2.0,5.5,0.0,0.5,0.0,0.0,0.3,6.3,0.0
400148,1.0,01/03/2020 01:51:17 PM,01/03/2020 01:59:25 PM,3.0,1.0,1.0,N,230.0,230.0,2.0,7.0,2.5,0.5,0.0,0.0,0.3,10.3,2.5
400149,2.0,01/03/2020 01:15:53 PM,01/03/2020 01:52:29 PM,1.0,18.29,2.0,N,132.0,41.0,1.0,52.0,0.0,0.5,11.78,6.12,0.3,70.7,0.0
400150,1.0,01/03/2020 01:02:49 PM,01/03/2020 01:06:28 PM,1.0,0.3,1.0,N,231.0,45.0,2.0,4.0,2.5,0.5,0.0,0.0,0.3,7.3,2.5
400151,1.0,01/03/2020 01:12:49 PM,01/03/2020 01:22:46 PM,2.0,1.3,1.0,N,231.0,113.0,1.0,8.0,2.5,0.5,2.25,0.0,0.3,13.55,2.5
400152,1.0,01/03/2020 01:31:09 PM,01/03/2020 01:40:45 PM,2.0,1.0,1.0,N,211.0,261.0,2.0,7.5,2.5,0.5,0.0,0.0,0.3,10.8,2.5
400153,1.0,01/03/2020 01:45:12 PM,01/03/2020 01:57:38 PM,1.0,1.7,1.0,N,261.0,232.0,1.0,9.5,2.5,0.5,2.55,0.0,0.3,15.35,2.5
400154,1.0,01/03/2020 01:03:10 PM,01/03/2020 01:15:14 PM,1.0,2.0,1.0,N,48.0,239.0,1.0,10.0,2.5,0.5,3.95,0.0,0.3,17.25,2.5
400155,1.0,01/03/2020 01:18:07 PM,01/03/2020 01:28:17 PM,1.0,1.8,1.0,N,239.0,151.0,1.0,9.0,2.5,0.5,3.05,0.0,0.3,15.35,2.5
400156,1.0,01/03/2020 01:34:15 PM,01/03/2020 01:39:21 PM,1.0,0.8,1.0,N,238.0,43.0,1.0,5.5,2.5,0.5,1.75,0.0,0.3,10.55,2.5
400157,1.0,01/03/2020 01:47:50 PM,01/03/2020 01:54:47 PM,1.0,0.9,1.0,N,238.0,143.0,1.0,6.0,2.5,0.5,1.85,0.0,0.3,11.15,2.5
400158,2.0,01/03/2020 01:35:55 PM,01/03/2020 01:53:13 PM,1.0,3.09,1.0,N,161.0,114.0,2.0,13.5,0.0,0.5,0.0,0.0,0.3,16.8,2.5
400159,2.0,01/03/2020 01:05:40 PM,01/03/2020 01:25:30 PM,3.0,0.9,1.0,N,229.0,230.0,2.0,12.5,0.0,0.5,0.0,0.0,0.3,15.8,2.5
400160,2.0,01/03/2020 01:38:37 PM,01/03/2020 01:45:38 PM,3.0,1.21,1.0,N,230.0,68.0,1.0,6.5,0.0,0.5,1.96,0.0,0.3,11.76,2.5
400161,2.0,01/03/2020 01:48:04 PM,01/03/2020 02:07:51 PM,2.0,3.25,1.0,N,68.0,4.0,1.0,14.5,0.0,0.5,2.0,0.0,0.3,19.8,2.5
400162,1.0,01/03/2020 01:07:45 PM,01/03/2020 01:30:38 PM,0.0,8.3,1.0,N,116.0,138.0,2.0,26.5,0.0,0.5,0.0,6.12,0.3,33.42,0.0
400163,1.0,01/03/2020 01:56:07 PM,01/03/2020 02:26:06 PM,0.0,10.4,1.0,N,138.0,181.0,1.0,32.5,0.0,0.5,6.66,0.0,0.3,39.96,0.0
400164,2.0,01/03/2020 01:21:50 PM,01/03/2020 01:28:12 PM,1.0,0.77,1.0,N,236.0,236.0,1.0,6.0,0.0,0.5,1.0,0.0,0.3,10.3,2.5
400165,2.0,01/03/2020 01:41:11 PM,01/03/2020 01:51:22 PM,2.0,1.31,1.0,N,43.0,161.0,2.0,8.5,0.0,0.5,0.0,0.0,0.3,11.8,2.5
400166,1.0,01/03/2020 01:01:30 PM,01/03/2020 01:05:33 PM,1.0,0.4,1.0,N,161.0,161.0,1.0,4.5,2.5,0.5,1.55,0.0,0.3,9.35,2.5
400167,1.0,01/03/2020 01:44:49 PM,01/03/2020 01:59:03 PM,1.0,1.2,1.0,N,164.0,230.0,3.0,10.0,2.5,0.5,0.0,0.0,0.3,13.3,2.5
400168,1.0,01/03/2020 01:22:49 PM,01/03/2020 01:29:12 PM,1.0,0.9,1.0,N,237.0,236.0,1.0,6.0,2.5,0.5,2.3,0.0,0.3,11.6,2.5
400169,1.0,01/03/2020 01:38:12 PM,01/03/2020 01:49:40 PM,1.0,1.5,1.0,N,236.0,237.0,2.0,9.0,2.5,0.5,0.5,0.0,0.3,12.8,2.5
400170,1.0,01/03/2020 01:11:24 PM,01/03/2020 01:20:34 PM,1.0,1.8,1.0,N,114.0,13.0,1.0,9.0,2.5,0.5,2.45,0.0,0.3,14.75,2.5
400171,1.0,01/03/2020 01:28:55 PM,01/03/2020 01:41:01 PM,1.0,2.9,1.0,N,231.0,68.0,1.0,11.5,2.5,0.5,2.95,0.0,0.3,17.75,2.5
400172,2.0,01/03/2020 01:03:05 PM,01/03/2020 01:08:15 PM,1.0,0.85,1.0,N,239.0,142.0,1.0,5.5,0.0,0.5,1.76,0.0,0.3,10.56,2.5
400173,2.0,01/03/2020 01:23:40 PM,01/03/2020 01:29:35 PM,1.0,0.6,1.0,N,239.0,238.0,2.0,5.5,0.0,0.5,0.0,0.0,0.3,8.8,2.5
400174,2.0,01/03/2020 01:38:26 PM,01/03/2020 01:44:46 PM,1.0,0.95,1.0,N,239.0,142.0,2.0,6.0,0.0,0.5,0.0,0.0,0.3,9.3,2.5
400175,2.0,01/03/2020 01:45:43 PM,01/03/2020 01:58:02 PM,1.0,1.63,1.0,N,142.0,229.0,1.0,9.5,0.0,0.5,1.92,0.0,0.3,14.72,2.5
400176,2.0,01/03/2020 01:09:27 PM,01/03/2020 01:25:34 PM,5.0,2.08,1.0,N,140.0,236.0,1.0,12.0,0.0,0.5,2.8,0.0,0.3,18.1,2.5
400177,2.0,01/03/2020 01:36:26 PM,01/03/2020 01:47:22 PM,6.0,1.34,1.0,N,43.0,170.0,2.0,8.5,0.0,0.5,0.0,0.0,0.3,11.8,2.5
400178,2.0,01/03/2020 01:55:30 PM,01/03/2020 02:14:28 PM,6.0,3.28,1.0,N,234.0,140.0,1.0,14.0,0.0,0.5,5.19,0.0,0.3,22.49,2.5
400179,2.0,01/03/2020 01:17:31 PM,01/03/2020 01:24:55 PM,1.0,0.84,1.0,N,236.0,237.0,2.0,6.5,0.0,0.5,0.0,0.0,0.3,9.8,2.5
400180,2.0,01/03/2020 01:26:55 PM,01/03/2020 01:31:11 PM,1.0,0.61,1.0,N,237.0,141.0,1.0,5.0,0.0,0.5,2.49,0.0,0.3,10.79,2.5
400181,2.0,01/03/2020 01:32:28 PM,01/03/2020 01:34:17 PM,1.0,0.6,1.0,N,140.0,263.0,2.0,4.0,0.0,0.5,0.0,0.0,0.3,7.3,2.5
400182,2.0,01/03/2020 01:59:39 PM,01/03/2020 02:08:14 PM,1.0,1.6,1.0,N,236.0,238.0,1.0,8.0,0.0,0.5,1.13,0.0,0.3,12.43,2.5
400183,2.0,01/03/2020 01:53:58 PM,01/03/2020 02:37:41 PM,1.0,16.85,2.0,N,132.0,68.0,1.0,52.0,0.0,0.5,12.28,6.12,0.3,73.7,2.5
400184,2.0,01/03/2020 01:58:35 PM,01/03/2020 02:04:16 PM,1.0,1.24,1.0,N,68.0,143.0,1.0,6.0,0.0,0.5,1.0,0.0,0.3,10.3,2.5
400185,2.0,01/03/2020 01:13:36 PM,01/03/2020 01:40:23 PM,4.0,8.94,1.0,N,138.0,224.0,1.0,28.5,0.0,0.5,7.58,6.12,0.3,45.5,2.5
400186,2.0,01/03/2020 01:45:17 PM,01/03/2020 01:49:16 PM,5.0,0.72,1.0,N,107.0,137.0,2.0,5.0,0.0,0.5,0.0,0.0,0.3,8.3,2.5
400187,2.0,01/03/2020 01:57:22 PM,01/03/2020 02:20:22 PM,6.0,5.5,1.0,N,170.0,261.0,2.0,21.0,0.0,0.5,0.0,0.0,0.3,24.3,2.5
400188,2.0,01/03/2020 01:06:58 PM,01/03/2020 01:17:26 PM,1.0,2.01,1.0,N,15.0,16.0,1.0,9.5,0.0,0.5,0.0,0.0,0.3,10.3,0.0
400189,2.0,01/03/2020 01:06:03 PM,01/03/2020 01:18:35 PM,1.0,1.56,1.0,N,236.0,142.0,1.0,10.0,0.0,0.5,2.66,0.0,0.3,15.96,2.5
400190,2.0,01/03/2020 01:24:35 PM,01/03/2020 01:31:27 PM,1.0,0.81,1.0,N,264.0,161.0,1.0,6.0,0.0,0.5,1.86,0.0,0.3,11.16,2.5
400191,2.0,01/03/2020 01:38:27 PM,01/03/2020 01:49:11 PM,1.0,1.75,1.0,N,162.0,236.0,1.0,9.5,0.0,0.5,2.56,0.0,0.3,15.36,2.5
400192,2.0,01/03/2020 01:06:33 PM,01/03/2020 01:14:59 PM,1.0,1.37,1.0,N,68.0,48.0,2.0,7.0,0.0,0.5,0.0,0.0,0.3,10.3,2.5
400193,2.0,01/03/2020 01:55:44 PM,01/03/2020 02:06:43 PM,1.0,1.26,1.0,N,234.0,100.0,1.0,8.5,0.0,0.5,2.36,0.0,0.3,14.16,2.5
400194,1.0,01/03/2020 01:17:26 PM,01/03/2020 01:33:50 PM,1.0,2.3,1.0,N,151.0,74.0,2.0,12.0,0.0,0.5,0.0,0.0,0.3,12.8,0.0
400195,1.0,01/03/2020 01:48:55 PM,01/03/2020 01:57:23 PM,1.0,1.2,1.0,N,236.0,237.0,1.0,7.0,2.5,0.5,2.05,0.0,0.3,12.35,2.5
400196,2.0,01/03/2020 01:00:54 PM,01/03/2020 01:07:39 PM,1.0,1.08,1.0,N,107.0,113.0,1.0,6.5,0.0,0.5,0.02,0.0,0.3,9.82,2.5
400197,2.0,01/03/2020 01:12:15 PM,01/03/2020 01:36:31 PM,1.0,4.39,1.0,N,234.0,237.0,2.0,18.5,0.0,0.5,0.0,0.0,0.3,21.8,2.5
400198,1.0,01/03/2020 01:01:36 PM,01/03/2020 01:07:45 PM,1.0,1.0,1.0,N,141.0,236.0,1.0,6.0,2.5,0.5,1.0,0.0,0.3,10.3,2.5
400199,1.0,01/03/2020 01:15:45 PM,01/03/2020 01:28:05 PM,3.0,1.8,1.0,N,237.0,100.0,1.0,10.0,2.5,0.5,2.65,0.0,0.3,15.95,2.5
400200,1.0,01/03/2020 01:58:39 PM,01/03/2020 02:03:58 PM,1.0,0.6,1.0,N,163.0,161.0,2.0,5.0,2.5,0.5,0.0,0.0,0.3,8.3,2.5
400201,1.0,01/03/2020 01:33:53 PM,01/03/2020 02:01:13 PM,3.0,7.4,1.0,N,261.0,230.0,2.0,27.0,2.5,0.5,0.0,0.0,0.3,30.3,2.5
400202,1.0,01/03/2020 01:09:29 PM,01/03/2020 01:17:44 PM,0.0,2.1,1.0,N,263.0,74.0,2.0,8.5,2.5,0.5,0.0,0.0,0.3,11.8,2.5
400203,2.0,01/03/2020 01:00:20 PM,01/03/2020 01:15:54 PM,3.0,3.48,1.0,N,164.0,13.0,2.0,13.5,0.0,0.5,0.0,0.0,0.3,16.8,2.5
400204,1.0,01/03/2020 01:22:59 PM,01/03/2020 01:47:04 PM,2.0,3.7,1.0,N,45.0,161.0,2.0,17.0,2.5,0.5,0.0,0.0,0.3,20.3,2.5
400205,1.0,01/03/2020 01:58:16 PM,01/03/2020 02:04:12 PM,1.0,0.6,1.0,N,140.0,237.0,2.0,5.5,2.5,0.5,0.0,0.0,0.3,8.8,2.5
400206,2.0,01/03/2020 01:20:40 PM,01/03/2020 01:32:52 PM,2.0,1.42,1.0,N,113.0,68.0,2.0,9.0,0.0,0.5,0.0,0.0,0.3,12.3,2.5
400207,2.0,01/03/2020 01:36:33 PM,01/03/2020 01:53:14 PM,1.0,2.25,1.0,N,68.0,170.0,1.0,12.5,0.0,0.5,3.16,0.0,0.3,18.96,2.5
400208,1.0,01/03/2020 01:04:54 PM,01/03/2020 01:16:51 PM,1.0,1.2,1.0,N,170.0,163.0,1.0,8.5,2.5,0.5,2.35,0.0,0.3,14.15,2.5
400209,2.0,01/03/2020 01:18:30 PM,01/03/2020 01:25:37 PM,1.0,1.77,1.0,N,239.0,24.0,1.0,7.5,0.0,0.5,2.16,0.0,0.3,12.96,2.5
400210,2.0,01/03/2020 01:34:22 PM,01/03/2020 01:36:23 PM,1.0,0.31,1.0,N,239.0,239.0,1.0,3.5,0.0,0.5,1.36,0.0,0.3,8.16,2.5
400211,2.0,01/03/2020 01:38:53 PM,01/03/2020 01:50:55 PM,1.0,2.27,1.0,N,41.0,247.0,2.0,11.0,0.0,0.5,0.0,0.0,0.3,11.8,0.0
400212,2.0,01/03/2020 01:09:16 PM,01/03/2020 01:21:52 PM,1.0,1.91,1.0,N,163.0,234.0,1.0,10.0,0.0,0.5,2.66,0.0,0.3,15.96,2.5
400213,2.0,01/03/2020 01:24:20 PM,01/03/2020 01:29:27 PM,1.0,0.42,1.0,N,113.0,79.0,1.0,5.0,0.0,0.5,0.83,0.0,0.3,9.13,2.5
400214,2.0,01/03/2020 01:49:04 PM,01/03/2020 01:57:39 PM,1.0,1.3,1.0,N,249.0,186.0,1.0,7.5,0.0,0.5,2.16,0.0,0.3,12.96,2.5
400215,2.0,01/03/2020 12:43:19 PM,01/03/2020 12:48:23 PM,1.0,0.67,1.0,N,237.0,237.0,1.0,5.5,0.0,0.5,2.64,0.0,0.3,11.44,2.5
400216,2.0,01/03/2020 12:49:59 PM,01/03/2020 12:56:40 PM,1.0,0.45,1.0,N,237.0,237.0,2.0,6.0,0.0,0.5,0.0,0.0,0.3,9.3,2.5
400217,2.0,01/03/2020 01:18:52 PM,01/03/2020 01:22:59 PM,1.0,0.53,1.0,N,236.0,236.0,1.0,5.0,0.0,0.5,0.7,0.0,0.3,9.0,2.5
400218,2.0,01/03/2020 01:12:34 PM,01/03/2020 01:20:54 PM,3.0,2.71,1.0,N,141.0,226.0,2.0,10.0,0.0,0.5,0.0,0.0,0.3,13.3,2.5
400219,2.0,01/03/2020 01:56:03 PM,01/03/2020 02:12:15 PM,4.0,3.22,1.0,N,237.0,41.0,1.0,14.0,0.0,0.5,1.0,0.0,0.3,18.3,2.5
400220,2.0,01/03/2020 01:28:30 PM,01/03/2020 01:32:24 PM,1.0,0.52,1.0,N,7.0,7.0,1.0,4.5,0.0,0.5,1.32,0.0,0.3,6.62,0.0
400221,2.0,01/03/2020 01:57:31 PM,01/03/2020 02:03:07 PM,1.0,0.88,1.0,N,236.0,237.0,1.0,5.5,0.0,0.5,1.76,0.0,0.3,10.56,2.5
400222,2.0,01/03/2020 01:13:45 PM,01/03/2020 01:16:58 PM,2.0,0.76,1.0,N,237.0,142.0,1.0,4.5,0.0,0.5,1.0,0.0,0.3,8.8,2.5
400223,2.0,01/03/2020 01:18:05 PM,01/03/2020 01:22:53 PM,3.0,0.69,1.0,N,142.0,163.0,1.0,5.0,0.0,0.5,5.0,0.0,0.3,13.3,2.5
400224,2.0,01/03/2020 01:38:33 PM,01/03/2020 01:55:09 PM,1.0,2.21,1.0,N,236.0,161.0,1.0,12.5,0.0,0.5,3.16,0.0,0.3,18.96,2.5
400225,1.0,01/03/2020 01:55:18 PM,01/03/2020 02:08:14 PM,1.0,2.1,1.0,N,125.0,88.0,2.0,10.5,2.5,0.5,0.0,0.0,0.3,13.8,2.5
400226,1.0,01/03/2020 01:36:29 PM,01/03/2020 01:39:42 PM,1.0,0.7,1.0,N,237.0,162.0,1.0,4.5,2.5,0.5,1.56,0.0,0.3,9.36,2.5
400227,1.0,01/03/2020 01:53:10 PM,01/03/2020 02:04:29 PM,2.0,1.8,1.0,N,164.0,246.0,1.0,9.0,2.5,0.5,1.23,0.0,0.3,13.53,2.5
400228,2.0,01/03/2020 01:00:54 PM,01/03/2020 01:06:36 PM,1.0,1.35,1.0,N,236.0,239.0,2.0,6.5,0.0,0.5,0.0,0.0,0.3,9.8,2.5
400229,2.0,01/03/2020 01:53:36 PM,01/03/2020 01:59:06 PM,1.0,0.71,1.0,N,236.0,237.0,1.0,5.5,0.0,0.5,1.0,0.0,0.3,9.8,2.5
400230,1.0,01/03/2020 01:10:54 PM,01/03/2020 01:17:26 PM,1.0,1.0,1.0,N,163.0,237.0,2.0,6.0,2.5,0.5,0.0,0.0,0.3,9.3,2.5
400231,1.0,01/03/2020 01:24:36 PM,01/03/2020 01:26:54 PM,2.0,0.3,1.0,N,237.0,161.0,1.0,4.0,2.5,0.5,1.0,0.0,0.3,8.3,2.5
400232,1.0,01/03/2020 01:45:09 PM,01/03/2020 02:02:55 PM,1.0,1.9,1.0,N,163.0,186.0,2.0,12.0,2.5,0.5,0.0,0.0,0.3,15.3,2.5
400233,1.0,01/03/2020 01:11:16 PM,01/03/2020 01:29:30 PM,1.0,3.0,1.0,N,238.0,161.0,1.0,14.5,2.5,0.5,4.45,0.0,0.3,22.25,2.5
400234,1.0,01/03/2020 01:39:08 PM,01/03/2020 01:46:11 PM,1.0,1.2,1.0,N,237.0,236.0,1.0,7.0,2.5,0.5,3.05,0.0,0.3,13.35,2.5
400235,1.0,01/03/2020 01:59:12 PM,01/03/2020 02:08:06 PM,3.0,1.7,1.0,N,246.0,68.0,1.0,8.5,2.5,0.5,2.35,0.0,0.3,14.15,2.5
400236,1.0,01/03/2020 01:07:43 PM,01/03/2020 01:14:00 PM,1.0,0.7,1.0,N,68.0,246.0,1.0,6.0,2.5,0.5,1.0,0.0,0.3,10.3,2.5
400237,1.0,01/03/2020 01:35:46 PM,01/03/2020 01:55:55 PM,2.0,1.4,1.0,N,186.0,161.0,1.0,13.0,2.5,0.5,3.26,0.0,0.3,19.56,2.5
400238,1.0,01/03/2020 01:56:04 PM,01/03/2020 02:28:34 PM,1.0,18.4,2.0,N,132.0,170.0,2.0,52.0,2.5,0.5,0.0,0.0,0.3,55.3,2.5
400239,2.0,01/03/2020 01:45:06 PM,01/03/2020 01:53:23 PM,2.0,1.76,1.0,N,162.0,107.0,1.0,8.0,0.0,0.5,1.7,0.0,0.3,13.0,2.5
400240,1.0,01/03/2020 01:28:35 PM,01/03/2020 01:40:05 PM,1.0,1.2,1.0,N,75.0,237.0,2.0,8.5,2.5,0.5,0.0,0.0,0.3,11.8,2.5
400241,1.0,01/03/2020 01:49:10 PM,01/03/2020 01:57:31 PM,1.0,0.8,1.0,N,163.0,142.0,2.0,6.5,2.5,0.5,0.0,0.0,0.3,9.8,2.5
400242,1.0,01/03/2020 01:59:56 PM,01/03/2020 02:11:01 PM,1.0,1.8,1.0,N,142.0,239.0,1.0,9.0,2.5,0.5,2.45,0.0,0.3,14.75,2.5
400243,1.0,01/03/2020 01:48:31 PM,01/03/2020 02:04:59 PM,3.0,2.9,1.0,N,237.0,234.0,1.0,13.0,2.5,0.5,0.0,0.0,0.3,16.3,2.5
400244,2.0,01/03/2020 01:16:49 PM,01/03/2020 01:22:38 PM,1.0,0.74,1.0,N,43.0,237.0,2.0,5.5,0.0,0.5,0.0,0.0,0.3,8.8,2.5
400245,2.0,01/03/2020 01:49:23 PM,01/03/2020 01:55:42 PM,1.0,1.54,1.0,N,239.0,143.0,1.0,7.0,0.0,0.5,2.06,0.0,0.3,12.36,2.5
400246,2.0,01/03/2020 01:58:38 PM,01/03/2020 02:10:10 PM,1.0,1.91,1.0,N,143.0,238.0,1.0,9.5,0.0,0.5,3.2,0.0,0.3,16.0,2.5
400247,2.0,01/03/2020 01:01:23 PM,01/03/2020 01:10:36 PM,1.0,0.87,1.0,N,170.0,100.0,1.0,7.0,0.0,0.5,2.06,0.0,0.3,12.36,2.5
400248,2.0,01/03/2020 01:18:35 PM,01/03/2020 01:37:59 PM,1.0,1.39,1.0,N,186.0,161.0,1.0,12.5,0.0,0.5,4.74,0.0,0.3,20.54,2.5
400249,2.0,01/03/2020 01:46:54 PM,01/03/2020 01:58:06 PM,1.0,1.83,1.0,N,170.0,79.0,2.0,9.0,0.0,0.5,0.0,0.0,0.3,12.3,2.5
400250,2.0,01/03/2020 01:28:34 PM,01/03/2020 01:33:47 PM,1.0,0.66,1.0,N,142.0,143.0,1.0,5.0,0.0,0.5,2.08,0.0,0.3,10.38,2.5
400251,2.0,01/03/2020 01:47:55 PM,01/03/2020 01:50:54 PM,1.0,0.3,1.0,N,142.0,163.0,2.0,3.5,0.0,0.5,0.0,0.0,0.3,6.8,2.5
400252,2.0,01/03/2020 01:56:32 PM,01/03/2020 02:01:45 PM,1.0,0.38,1.0,N,161.0,161.0,1.0,5.0,0.0,0.5,2.08,0.0,0.3,10.38,2.5
400253,2.0,01/03/2020 01:30:51 PM,01/03/2020 01:58:03 PM,1.0,6.12,1.0,N,236.0,255.0,1.0,23.0,0.0,0.5,5.26,0.0,0.3,31.56,2.5
400254,1.0,01/03/2020 01:57:18 PM,01/03/2020 02:15:25 PM,1.0,6.5,1.0,N,261.0,161.0,2.0,21.0,2.5,0.5,0.0,0.0,0.3,24.3,2.5
400255,1.0,01/03/2020 01:45:35 PM,01/03/2020 01:52:48 PM,1.0,1.0,1.0,N,249.0,90.0,1.0,7.0,2.5,0.5,2.05,0.0,0.3,12.35,2.5
400256,2.0,01/03/2020 01:21:14 PM,01/03/2020 01:34:25 PM,1.0,2.33,1.0,N,263.0,166.0,1.0,11.0,0.0,0.5,2.86,0.0,0.3,17.16,2.5
400257,2.0,01/03/2020 01:38:08 PM,01/03/2020 01:46:55 PM,1.0,1.98,1.0,N,24.0,263.0,1.0,8.5,0.0,0.5,1.0,0.0,0.3,10.3,0.0
400258,2.0,01/03/2020 01:50:59 PM,01/03/2020 02:16:38 PM,1.0,5.45,1.0,N,263.0,246.0,1.0,21.0,0.0,0.5,4.86,0.0,0.3,29.16,2.5
400259,1.0,01/03/2020 01:21:04 PM,01/03/2020 01:43:36 PM,1.0,3.0,1.0,N,163.0,158.0,3.0,15.5,2.5,0.5,0.0,0.0,0.3,18.8,2.5
400260,1.0,01/03/2020 01:46:22 PM,01/03/2020 02:06:26 PM,1.0,3.5,1.0,N,158.0,237.0,1.0,15.5,2.5,0.5,4.7,0.0,0.3,23.5,2.5
400261,2.0,01/03/2020 01:23:27 PM,01/03/2020 01:35:51 PM,2.0,1.64,1.0,N,229.0,236.0,2.0,9.0,0.0,0.5,0.0,0.0,0.3,12.3,2.5
400262,2.0,01/03/2020 01:37:30 PM,01/03/2020 01:43:22 PM,1.0,1.42,1.0,N,236.0,142.0,1.0,6.5,0.0,0.5,1.96,0.0,0.3,11.76,2.5
400263,2.0,01/03/2020 01:48:06 PM,01/03/2020 01:53:38 PM,1.0,0.77,1.0,N,143.0,238.0,2.0,5.5,0.0,0.5,0.0,0.0,0.3,8.8,2.5
400264,2.0,01/03/2020 01:18:23 PM,01/03/2020 01:24:25 PM,1.0,1.03,1.0,N,164.0,107.0,2.0,6.0,0.0,0.5,0.0,0.0,0.3,9.3,2.5
400265,2.0,01/03/2020 01:42:45 PM,01/03/2020 01:48:03 PM,1.0,1.01,1.0,N,162.0,170.0,1.0,5.5,0.0,0.5,1.76,0.0,0.3,10.56,2.5
400266,2.0,01/03/2020 01:39:10 PM,01/03/2020 02:05:25 PM,1.0,8.55,1.0,N,138.0,48.0,2.0,28.0,0.0,0.5,0.0,6.12,0.3,37.42,2.5
400267,2.0,01/03/2020 01:00:19 PM,01/03/2020 01:11:10 PM,1.0,2.32,1.0,N,66.0,144.0,2.0,10.5,0.0,0.5,0.0,0.0,0.3,13.8,2.5
400268,2.0,01/03/2020 01:15:41 PM,01/03/2020 01:15:50 PM,2.0,0.0,2.0,N,45.0,45.0,2.0,-52.0,0.0,-0.5,0.0,0.0,-0.3,-55.3,-2.5
400269,2.0,01/03/2020 01:15:41 PM,01/03/2020 01:15:50 PM,2.0,0.0,2.0,N,45.0,45.0,2.0,52.0,0.0,0.5,0.0,0.0,0.3,55.3,2.5
400270,2.0,01/03/2020 01:17:05 PM,01/03/2020 01:30:36 PM,2.0,2.05,1.0,N,45.0,158.0,1.0,10.5,0.0,0.5,3.45,0.0,0.3,17.25,2.5
400271,2.0,01/03/2020 01:32:32 PM,01/03/2020 01:40:20 PM,1.0,1.12,1.0,N,158.0,234.0,1.0,7.0,0.0,0.5,2.06,0.0,0.3,12.36,2.5
400272,2.0,01/03/2020 01:02:32 PM,01/03/2020 01:16:26 PM,1.0,2.98,1.0,N,261.0,113.0,1.0,12.5,0.0,0.5,3.16,0.0,0.3,18.96,2.5
400273,2.0,01/03/2020 01:36:46 PM,01/03/2020 01:44:17 PM,1.0,1.63,1.0,N,137.0,140.0,1.0,7.5,0.0,0.5,2.16,0.0,0.3,12.96,2.5
400274,1.0,01/03/2020 01:40:10 PM,01/03/2020 01:48:28 PM,1.0,0.8,1.0,N,237.0,142.0,1.0,7.0,2.5,0.5,2.0,0.0,0.3,12.3,2.5
400275,1.0,01/03/2020 01:54:09 PM,01/03/2020 02:08:13 PM,2.0,1.8,1.0,N,161.0,263.0,1.0,11.0,2.5,0.5,4.25,0.0,0.3,18.55,2.5
400276,2.0,01/03/2020 01:14:03 PM,01/03/2020 01:39:24 PM,1.0,8.76,1.0,N,138.0,79.0,1.0,27.5,0.0,0.5,5.0,6.12,0.3,41.92,2.5
400277,2.0,01/03/2020 01:56:38 PM,01/03/2020 02:09:30 PM,1.0,2.86,1.0,N,164.0,232.0,1.0,12.0,0.0,0.5,3.06,0.0,0.3,18.36,2.5
400278,2.0,01/03/2020 12:59:48 PM,01/03/2020 01:19:52 PM,2.0,1.77,1.0,N,186.0,161.0,2.0,13.0,0.0,0.5,0.0,0.0,0.3,16.3,2.5
400279,2.0,01/03/2020 01:32:11 PM,01/03/2020 01:33:35 PM,2.0,0.21,1.0,N,230.0,163.0,2.0,3.0,0.0,0.5,0.0,0.0,0.3,6.3,2.5
400280,2.0,01/03/2020 01:48:11 PM,01/03/2020 02:09:59 PM,2.0,2.62,1.0,N,186.0,141.0,2.0,14.5,0.0,0.5,0.0,0.0,0.3,17.8,2.5
400281,2.0,01/03/2020 01:11:06 PM,01/03/2020 01:40:29 PM,1.0,5.8,1.0,N,90.0,181.0,1.0,23.5,0.0,0.5,4.0,0.0,0.3,30.8,2.5
400282,2.0,01/03/2020 01:06:15 PM,01/03/2020 01:11:52 PM,2.0,1.03,1.0,N,237.0,162.0,2.0,6.0,0.0,0.5,0.0,0.0,0.3,9.3,2.5
400283,2.0,01/03/2020 01:18:20 PM,01/03/2020 01:30:10 PM,2.0,1.44,1.0,N,137.0,113.0,1.0,9.0,0.0,0.5,2.46,0.0,0.3,14.76,2.5
400284,2.0,01/03/2020 01:33:15 PM,01/03/2020 01:41:08 PM,2.0,1.15,1.0,N,234.0,158.0,1.0,7.0,0.0,0.5,3.09,0.0,0.3,13.39,2.5
400285,2.0,01/03/2020 01:42:37 PM,01/03/2020 01:55:40 PM,2.0,1.34,1.0,N,158.0,211.0,1.0,9.5,0.0,0.5,3.84,0.0,0.3,16.64,2.5
400286,1.0,01/03/2020 01:00:35 PM,01/03/2020 01:03:20 PM,1.0,0.4,1.0,N,166.0,151.0,2.0,4.0,0.0,0.5,0.0,0.0,0.3,4.8,0.0
400287,1.0,01/03/2020 01:35:41 PM,01/03/2020 01:44:19 PM,1.0,1.1,1.0,N,142.0,50.0,1.0,7.0,2.5,0.5,1.0,0.0,0.3,11.3,2.5
400288,1.0,01/03/2020 01:57:52 PM,01/03/2020 02:07:55 PM,2.0,1.3,1.0,N,239.0,163.0,1.0,8.0,2.5,0.5,1.7,0.0,0.3,13.0,2.5
400289,2.0,01/03/2020 01:11:04 PM,01/03/2020 01:20:59 PM,1.0,1.37,1.0,N,239.0,163.0,1.0,8.0,0.0,0.5,2.26,0.0,0.3,13.56,2.5
400290,1.0,01/03/2020 01:16:49 PM,01/03/2020 02:00:38 PM,1.0,20.6,2.0,N,132.0,140.0,1.0,52.0,2.5,0.5,12.25,6.12,0.3,73.67,2.5
400291,1.0,01/03/2020 01:14:57 PM,01/03/2020 01:28:18 PM,2.0,2.9,1.0,N,144.0,255.0,1.0,12.5,2.5,0.5,3.15,0.0,0.3,18.95,2.5
400292,1.0,01/03/2020 01:44:02 PM,01/03/2020 01:52:48 PM,1.0,1.3,1.0,N,148.0,231.0,1.0,8.0,2.5,0.5,2.25,0.0,0.3,13.55,2.5
400293,2.0,01/03/2020 01:44:22 PM,01/03/2020 01:48:49 PM,1.0,0.65,1.0,N,79.0,107.0,2.0,5.0,0.0,0.5,0.0,0.0,0.3,8.3,2.5
400294,2.0,01/03/2020 01:54:23 PM,01/03/2020 02:00:22 PM,1.0,1.48,1.0,N,137.0,140.0,2.0,6.5,0.0,0.5,0.0,0.0,0.3,9.8,2.5
400295,1.0,01/03/2020 01:10:08 PM,01/03/2020 01:13:18 PM,1.0,0.4,1.0,N,239.0,142.0,1.0,4.0,2.5,0.5,1.8,0.0,0.3,9.1,2.5
400296,1.0,01/03/2020 01:16:29 PM,01/03/2020 01:20:51 PM,1.0,0.8,1.0,N,142.0,237.0,1.0,5.5,2.5,0.5,1.32,0.0,0.3,10.12,2.5
400297,1.0,01/03/2020 01:34:38 PM,01/03/2020 01:46:42 PM,1.0,2.2,1.0,N,161.0,262.0,1.0,10.5,2.5,0.5,2.75,0.0,0.3,16.55,2.5
400298,2.0,01/03/2020 01:45:46 PM,01/03/2020 01:51:05 PM,6.0,0.64,1.0,N,143.0,239.0,1.0,5.5,0.0,0.5,1.76,0.0,0.3,10.56,2.5
400299,2.0,01/03/2020 01:56:07 PM,01/03/2020 02:08:42 PM,5.0,1.77,1.0,N,239.0,141.0,1.0,10.0,0.0,0.5,2.66,0.0,0.3,15.96,2.5
400300,1.0,01/03/2020 01:08:52 PM,01/03/2020 01:12:17 PM,1.0,0.4,1.0,N,234.0,113.0,1.0,4.0,2.5,0.5,2.15,0.0,0.3,9.45,2.5
400301,1.0,01/03/2020 01:26:21 PM,01/03/2020 02:03:10 PM,1.0,0.0,1.0,N,45.0,71.0,1.0,26.2,0.0,0.5,0.0,0.0,0.3,27.0,0.0
400302,2.0,01/03/2020 01:32:32 PM,01/03/2020 01:44:17 PM,1.0,1.65,1.0,N,236.0,161.0,1.0,9.5,0.0,0.5,2.56,0.0,0.3,15.36,2.5
400303,2.0,01/03/2020 01:12:55 PM,01/03/2020 01:19:40 PM,5.0,0.99,1.0,N,113.0,4.0,2.0,6.5,0.0,0.5,0.0,0.0,0.3,9.8,2.5
400304,2.0,01/03/2020 01:45:00 PM,01/03/2020 01:52:24 PM,5.0,1.23,1.0,N,158.0,90.0,1.0,7.0,0.0,0.5,2.06,0.0,0.3,12.36,2.5
400305,2.0,01/03/2020 01:10:00 PM,01/03/2020 01:19:17 PM,1.0,1.78,1.0,N,161.0,43.0,1.0,9.0,0.0,0.5,1.84,0.0,0.3,14.14,2.5
400306,2.0,01/03/2020 01:31:59 PM,01/03/2020 02:02:42 PM,1.0,10.87,1.0,N,75.0,73.0,1.0,33.0,0.0,0.5,7.98,6.12,0.3,47.9,0.0
400307,2.0,01/03/2020 01:03:52 PM,01/03/2020 01:19:48 PM,3.0,3.67,1.0,N,45.0,148.0,2.0,15.0,0.0,0.5,0.0,0.0,0.3,18.3,2.5
400308,2.0,01/03/2020 01:30:22 PM,01/03/2020 01:35:47 PM,1.0,0.59,1.0,N,263.0,236.0,1.0,5.0,0.0,0.5,2.49,0.0,0.3,10.79,2.5
400309,2.0,01/03/2020 01:56:57 PM,01/03/2020 02:38:49 PM,1.0,20.18,2.0,N,239.0,132.0,2.0,52.0,0.0,0.5,0.0,6.12,0.3,61.42,2.5
400310,1.0,01/03/2020 01:23:53 PM,01/03/2020 01:30:24 PM,1.0,1.2,1.0,N,148.0,224.0,1.0,6.5,2.5,0.5,1.96,0.0,0.3,11.76,2.5
400311,1.0,01/03/2020 01:32:44 PM,01/03/2020 01:37:26 PM,1.0,0.6,1.0,N,224.0,79.0,1.0,5.0,2.5,0.5,1.65,0.0,0.3,9.95,2.5
400312,1.0,01/03/2020 01:47:52 PM,01/03/2020 01:56:49 PM,1.0,1.6,1.0,N,148.0,234.0,1.0,8.0,2.5,0.5,2.25,0.0,0.3,13.55,2.5
400313,1.0,01/03/2020 01:57:54 PM,01/03/2020 02:12:44 PM,1.0,2.4,1.0,N,234.0,237.0,2.0,12.0,2.5,0.5,0.0,0.0,0.3,15.3,2.5
400314,2.0,01/03/2020 01:21:05 PM,01/03/2020 01:35:31 PM,6.0,1.64,1.0,N,163.0,100.0,2.0,9.5,0.0,0.5,0.0,0.0,0.3,12.8,2.5
400315,2.0,01/03/2020 01:00:28 PM,01/03/2020 01:11:48 PM,1.0,1.67,1.0,N,163.0,68.0,2.0,9.0,0.0,0.5,0.0,0.0,0.3,12.3,2.5
400316,2.0,01/03/2020 01:17:14 PM,01/03/2020 01:29:34 PM,1.0,0.95,1.0,N,68.0,170.0,1.0,8.5,0.0,0.5,2.36,0.0,0.3,14.16,2.5
400317,2.0,01/03/2020 01:31:27 PM,01/03/2020 01:37:37 PM,1.0,0.44,1.0,N,170.0,164.0,1.0,5.5,0.0,0.5,1.76,0.0,0.3,10.56,2.5
400318,1.0,01/03/2020 01:51:13 PM,01/03/2020 02:21:43 PM,1.0,16.0,3.0,N,261.0,1.0,2.0,61.5,0.0,0.0,0.0,0.0,0.3,61.8,0.0
400319,2.0,01/03/2020 01:04:38 PM,01/03/2020 01:16:16 PM,1.0,4.5,1.0,N,239.0,244.0,2.0,15.0,0.0,0.5,0.0,0.0,0.3,18.3,2.5
400320,2.0,01/03/2020 01:56:15 PM,01/03/2020 02:16:06 PM,1.0,2.89,1.0,N,100.0,144.0,1.0,14.0,0.0,0.5,3.46,0.0,0.3,20.76,2.5
400321,2.0,01/03/2020 01:45:19 PM,01/03/2020 02:28:58 PM,1.0,13.12,1.0,N,132.0,49.0,2.0,42.0,0.0,0.5,0.0,0.0,0.3,42.8,0.0
400322,2.0,01/03/2020 01:16:01 PM,01/03/2020 01:29:44 PM,1.0,2.23,1.0,N,163.0,263.0,2.0,11.0,0.0,0.5,0.0,0.0,0.3,14.3,2.5
400323,2.0,01/03/2020 01:48:08 PM,01/03/2020 01:55:15 PM,1.0,0.74,1.0,N,162.0,161.0,1.0,6.0,0.0,0.5,2.0,0.0,0.3,11.3,2.5
400324,2.0,01/03/2020 01:05:59 PM,01/03/2020 01:13:17 PM,1.0,1.38,1.0,N,236.0,43.0,2.0,7.5,0.0,0.5,0.0,0.0,0.3,10.8,2.5
400325,2.0,01/03/2020 01:32:06 PM,01/03/2020 01:39:10 PM,1.0,1.17,1.0,N,43.0,237.0,1.0,7.0,0.0,0.5,2.06,0.0,0.3,12.36,2.5
400326,2.0,01/03/2020 01:49:18 PM,01/03/2020 02:20:00 PM,1.0,4.82,1.0,N,43.0,231.0,1.0,21.5,0.0,0.5,4.96,0.0,0.3,29.76,2.5
400327,1.0,01/03/2020 01:00:20 PM,01/03/2020 01:37:00 PM,1.0,15.4,3.0,N,107.0,1.0,1.0,62.5,0.0,0.0,4.0,10.5,0.3,77.3,0.0
400328,2.0,01/03/2020 01:01:43 PM,01/03/2020 01:01:55 PM,1.0,0.0,2.0,N,170.0,170.0,2.0,52.0,0.0,0.5,0.0,0.0,0.3,55.3,2.5
400329,2.0,01/03/2020 01:02:14 PM,01/03/2020 01:17:20 PM,1.0,2.34,1.0,N,170.0,163.0,2.0,12.0,0.0,0.5,0.0,0.0,0.3,15.3,2.5
400330,2.0,01/03/2020 01:24:07 PM,01/03/2020 01:29:59 PM,1.0,1.19,1.0,N,43.0,236.0,2.0,6.5,0.0,0.5,0.0,0.0,0.3,9.8,2.5
400331,2.0,01/03/2020 01:31:08 PM,01/03/2020 01:38:17 PM,1.0,1.47,1.0,N,236.0,239.0,1.0,7.0,0.0,0.5,2.58,0.0,0.3,12.88,2.5
400332,1.0,01/03/2020 01:13:40 PM,01/03/2020 01:28:42 PM,0.0,2.7,1.0,N,142.0,170.0,1.0,12.5,2.5,0.5,3.0,0.0,0.3,18.8,2.5
400333,1.0,01/03/2020 01:45:41 PM,01/03/2020 02:01:04 PM,0.0,1.9,1.0,N,161.0,236.0,1.0,11.0,2.5,0.5,0.0,0.0,0.3,14.3,2.5
400334,2.0,01/03/2020 01:53:34 PM,01/03/2020 01:58:08 PM,1.0,0.79,1.0,N,239.0,238.0,2.0,5.0,0.0,0.5,0.0,0.0,0.3,8.3,2.5
400335,2.0,01/03/2020 01:11:37 PM,01/03/2020 01:19:49 PM,2.0,1.51,1.0,N,262.0,237.0,1.0,7.5,0.0,0.5,2.7,0.0,0.3,13.5,2.5
400336,2.0,01/03/2020 01:21:44 PM,01/03/2020 01:30:44 PM,1.0,1.3,1.0,N,237.0,170.0,1.0,7.5,0.0,0.5,1.0,0.0,0.3,11.8,2.5
400337,2.0,01/03/2020 12:55:47 PM,01/03/2020 01:03:49 PM,2.0,0.88,1.0,N,163.0,161.0,2.0,6.5,0.0,0.5,0.0,0.0,0.3,9.8,2.5
400338,2.0,01/03/2020 01:08:43 PM,01/03/2020 01:20:05 PM,2.0,1.79,1.0,N,161.0,234.0,1.0,9.0,0.0,0.5,2.46,0.0,0.3,14.76,2.5
400339,2.0,01/03/2020 01:21:58 PM,01/03/2020 01:24:19 PM,3.0,0.37,1.0,N,234.0,113.0,2.0,3.5,0.0,0.5,0.0,0.0,0.3,6.8,2.5
400340,2.0,01/03/2020 01:29:26 PM,01/03/2020 01:33:02 PM,3.0,0.57,1.0,N,79.0,107.0,1.0,4.5,0.0,0.5,1.0,0.0,0.3,8.8,2.5
400341,2.0,01/03/2020 01:33:40 PM,01/03/2020 01:40:58 PM,2.0,0.93,1.0,N,107.0,164.0,1.0,6.5,0.0,0.5,1.0,0.0,0.3,10.8,2.5
400342,2.0,01/03/2020 01:43:06 PM,01/03/2020 01:50:10 PM,2.0,1.42,1.0,N,186.0,113.0,1.0,7.0,0.0,0.5,1.0,0.0,0.3,11.3,2.5
400343,2.0,01/03/2020 01:07:55 PM,01/03/2020 01:11:23 PM,1.0,0.82,1.0,N,237.0,237.0,2.0,5.0,0.0,0.5,0.0,0.0,0.3,8.3,2.5
400344,2.0,01/03/2020 01:27:37 PM,01/03/2020 01:36:19 PM,1.0,1.22,1.0,N,163.0,141.0,1.0,7.5,0.0,0.5,1.25,0.0,0.3,12.05,2.5
400345,2.0,01/03/2020 01:43:40 PM,01/03/2020 01:57:14 PM,1.0,1.69,1.0,N,236.0,142.0,1.0,10.0,0.0,0.5,2.66,0.0,0.3,15.96,2.5
400346,2.0,01/03/2020 01:00:45 PM,01/03/2020 01:13:16 PM,1.0,4.08,1.0,N,13.0,25.0,1.0,14.0,0.0,0.5,3.46,0.0,0.3,20.76,2.5
400347,2.0,01/03/2020 01:25:50 PM,01/03/2020 01:37:29 PM,1.0,2.12,1.0,N,231.0,148.0,1.0,9.5,0.0,0.5,2.56,0.0,0.3,15.36,2.5
400348,2.0,01/03/2020 01:38:50 PM,01/03/2020 01:58:59 PM,1.0,5.73,1.0,N,148.0,236.0,1.0,20.0,0.0,0.5,4.66,0.0,0.3,27.96,2.5
400349,1.0,01/03/2020 01:04:29 PM,01/03/2020 01:04:54 PM,1.0,0.0,1.0,N,193.0,193.0,3.0,2.5,0.0,0.5,0.0,0.0,0.3,3.3,0.0
400350,2.0,01/03/2020 01:19:02 PM,01/03/2020 01:21:58 PM,1.0,0.37,1.0,N,142.0,142.0,1.0,4.0,0.0,0.5,1.46,0.0,0.3,8.76,2.5
400351,2.0,01/03/2020 01:37:07 PM,01/03/2020 01:40:50 PM,2.0,0.81,1.0,N,68.0,48.0,1.0,4.5,0.0,0.5,2.34,0.0,0.3,10.14,2.5
400352,2.0,01/03/2020 01:28:06 PM,01/03/2020 01:44:38 PM,2.0,2.81,1.0,N,140.0,164.0,1.0,13.5,0.0,0.5,3.36,0.0,0.3,20.16,2.5
400353,2.0,01/03/2020 12:59:22 PM,01/03/2020 01:09:11 PM,1.0,1.31,1.0,N,237.0,236.0,1.0,8.0,0.0,0.5,2.26,0.0,0.3,13.56,2.5
400354,2.0,01/03/2020 01:11:25 PM,01/03/2020 01:17:40 PM,1.0,0.93,1.0,N,43.0,43.0,1.0,6.0,0.0,0.5,2.32,0.0,0.3,11.62,2.5
400355,2.0,01/03/2020 01:38:06 PM,01/03/2020 01:53:02 PM,1.0,2.23,1.0,N,43.0,230.0,1.0,11.5,0.0,0.5,2.96,0.0,0.3,17.76,2.5
400356,1.0,01/03/2020 01:19:45 PM,01/03/2020 01:32:35 PM,2.0,1.1,1.0,N,142.0,161.0,1.0,9.0,2.5,0.5,2.45,0.0,0.3,14.75,2.5
400357,1.0,01/03/2020 01:33:47 PM,01/03/2020 01:44:42 PM,1.0,1.6,1.0,N,161.0,234.0,1.0,8.5,2.5,0.5,1.3,0.0,0.3,13.1,2.5
400358,1.0,01/03/2020 01:47:24 PM,01/03/2020 01:56:23 PM,1.0,1.0,1.0,N,113.0,79.0,1.0,7.5,2.5,0.5,1.0,0.0,0.3,11.8,2.5
400359,2.0,01/03/2020 01:08:37 PM,01/03/2020 01:15:09 PM,1.0,0.92,1.0,N,113.0,249.0,2.0,6.0,0.0,0.5,0.0,0.0,0.3,9.3,2.5
400360,2.0,01/03/2020 01:20:58 PM,01/03/2020 01:31:04 PM,1.0,1.86,1.0,N,90.0,48.0,1.0,9.0,0.0,0.5,2.46,0.0,0.3,14.76,2.5
400361,2.0,01/03/2020 01:24:53 PM,01/03/2020 01:36:50 PM,1.0,1.77,1.0,N,170.0,140.0,1.0,9.5,0.0,0.5,2.56,0.0,0.3,15.36,2.5
400362,2.0,01/03/2020 01:11:59 PM,01/03/2020 01:29:58 PM,1.0,2.28,2.0,N,145.0,48.0,1.0,52.0,0.0,0.5,12.28,6.12,0.3,73.7,2.5
400363,2.0,01/03/2020 01:31:01 PM,01/03/2020 01:41:31 PM,2.0,1.41,1.0,N,164.0,163.0,1.0,8.5,0.0,0.5,0.0,0.0,0.3,11.8,2.5
400364,2.0,01/03/2020 01:28:04 PM,01/03/2020 02:01:26 PM,1.0,11.65,1.0,N,132.0,62.0,2.0,36.5,0.0,0.5,0.0,0.0,0.3,37.3,0.0
400365,2.0,01/03/2020 01:03:58 PM,01/03/2020 01:10:24 PM,1.0,1.49,1.0,N,229.0,107.0,1.0,7.0,0.0,0.5,1.7,0.0,0.3,12.0,2.5
400366,2.0,01/03/2020 01:32:38 PM,01/03/2020 01:34:54 PM,2.0,0.75,1.0,N,137.0,107.0,1.0,4.0,0.0,0.5,2.0,0.0,0.3,9.3,2.5
400367,2.0,01/03/2020 01:56:29 PM,01/03/2020 02:03:52 PM,2.0,1.53,1.0,N,113.0,170.0,2.0,7.5,0.0,0.5,0.0,0.0,0.3,10.8,2.5
400368,2.0,01/03/2020 01:51:38 PM,01/03/2020 02:22:56 PM,1.0,9.34,1.0,N,138.0,249.0,1.0,30.5,0.0,0.5,7.98,6.12,0.3,47.9,2.5
400369,2.0,01/03/2020 01:16:36 PM,01/03/2020 01:25:38 PM,6.0,1.66,1.0,N,142.0,186.0,2.0,8.0,0.0,0.5,0.0,0.0,0.3,11.3,2.5
400370,2.0,01/03/2020 01:18:41 PM,01/03/2020 01:23:45 PM,1.0,0.72,1.0,N,237.0,237.0,1.0,5.5,0.0,0.5,2.64,0.0,0.3,11.44,2.5
400371,2.0,01/03/2020 01:32:35 PM,01/03/2020 01:41:14 PM,1.0,1.05,1.0,N,163.0,142.0,1.0,7.0,0.0,0.5,2.58,0.0,0.3,12.88,2.5
400372,2.0,01/03/2020 01:43:37 PM,01/03/2020 01:46:50 PM,1.0,0.5,1.0,N,163.0,230.0,1.0,4.0,0.0,0.5,1.82,0.0,0.3,9.12,2.5
400373,2.0,01/03/2020 01:07:09 PM,01/03/2020 01:12:43 PM,1.0,1.22,1.0,N,186.0,234.0,2.0,6.0,0.0,0.5,0.0,0.0,0.3,9.3,2.5
400374,2.0,01/03/2020 01:14:02 PM,01/03/2020 01:24:45 PM,1.0,1.67,1.0,N,234.0,68.0,2.0,9.0,0.0,0.5,0.0,0.0,0.3,12.3,2.5
400375,2.0,01/03/2020 01:46:41 PM,01/03/2020 01:54:19 PM,1.0,1.72,1.0,N,170.0,237.0,1.0,7.5,0.0,0.5,2.16,0.0,0.3,12.96,2.5
400376,2.0,01/03/2020 01:56:08 PM,01/03/2020 02:08:52 PM,1.0,2.03,1.0,N,141.0,239.0,1.0,10.5,0.0,0.5,3.45,0.0,0.3,17.25,2.5
400377,2.0,01/03/2020 01:01:53 PM,01/03/2020 01:05:03 PM,2.0,0.64,1.0,N,239.0,239.0,2.0,4.5,0.0,0.5,0.0,0.0,0.3,7.8,2.5
400378,2.0,01/03/2020 01:13:05 PM,01/03/2020 01:17:05 PM,2.0,0.78,1.0,N,142.0,43.0,1.0,5.0,0.0,0.5,1.66,0.0,0.3,9.96,2.5
400379,2.0,01/03/2020 01:20:30 PM,01/03/2020 01:27:36 PM,2.0,1.39,1.0,N,163.0,186.0,1.0,7.0,0.0,0.5,3.09,0.0,0.3,13.39,2.5
400380,2.0,01/03/2020 01:04:08 PM,01/03/2020 01:12:48 PM,1.0,1.3,1.0,N,142.0,161.0,1.0,7.5,0.0,0.5,1.5,0.0,0.3,12.3,2.5
400381,2.0,01/03/2020 01:19:43 PM,01/03/2020 01:34:40 PM,1.0,1.02,1.0,N,161.0,100.0,1.0,10.0,0.0,0.5,2.66,0.0,0.3,15.96,2.5
400382,2.0,01/03/2020 01:43:10 PM,01/03/2020 01:48:23 PM,1.0,0.66,1.0,N,161.0,142.0,1.0,5.5,0.0,0.5,1.76,0.0,0.3,10.56,2.5
400383,2.0,01/03/2020 01:49:14 PM,01/03/2020 01:58:59 PM,1.0,1.47,1.0,N,142.0,161.0,1.0,8.0,0.0,0.5,2.26,0.0,0.3,13.56,2.5
400384,1.0,01/03/2020 01:06:57 PM,01/03/2020 01:17:26 PM,1.0,2.0,1.0,N,161.0,236.0,1.0,10.0,2.5,0.5,1.0,0.0,0.3,14.3,2.5
400385,1.0,01/03/2020 01:26:58 PM,01/03/2020 01:32:57 PM,1.0,0.8,1.0,N,43.0,163.0,1.0,6.0,2.5,0.5,1.85,0.0,0.3,11.15,2.5
400386,1.0,01/03/2020 01:39:23 PM,01/03/2020 01:56:01 PM,2.0,3.0,1.0,N,161.0,144.0,1.0,13.0,2.5,0.5,0.0,0.0,0.3,16.3,2.5
400387,1.0,01/03/2020 01:12:47 PM,01/03/2020 01:27:03 PM,1.0,1.8,1.0,N,237.0,230.0,1.0,10.5,2.5,0.5,2.0,0.0,0.3,15.8,2.5
400388,1.0,01/03/2020 01:32:38 PM,01/03/2020 02:13:47 PM,1.0,7.1,1.0,N,186.0,37.0,1.0,29.5,2.5,0.5,6.55,0.0,0.3,39.35,2.5
400389,1.0,01/03/2020 01:03:15 PM,01/03/2020 01:12:20 PM,1.0,1.2,1.0,N,43.0,141.0,2.0,7.5,2.5,0.5,0.0,0.0,0.3,10.8,2.5
400390,1.0,01/03/2020 01:27:15 PM,01/03/2020 01:39:11 PM,1.0,1.8,1.0,N,43.0,140.0,1.0,9.5,2.5,0.5,1.92,0.0,0.3,14.72,2.5
400391,1.0,01/03/2020 01:50:24 PM,01/03/2020 01:59:41 PM,1.0,1.4,1.0,N,236.0,237.0,1.0,8.0,2.5,0.5,2.25,0.0,0.3,13.55,2.5
400392,2.0,01/03/2020 01:47:55 PM,01/03/2020 01:53:23 PM,1.0,0.69,1.0,N,4.0,232.0,1.0,5.5,0.0,0.5,1.76,0.0,0.3,10.56,2.5
400393,2.0,01/03/2020 01:51:24 PM,01/03/2020 02:14:52 PM,6.0,8.58,1.0,N,138.0,148.0,2.0,27.5,0.0,0.5,0.0,0.0,0.3,30.8,2.5
400394,2.0,01/03/2020 01:02:58 PM,01/03/2020 01:12:19 PM,1.0,1.38,1.0,N,236.0,141.0,1.0,8.0,0.0,0.5,2.83,0.0,0.3,14.13,2.5
400395,2.0,01/03/2020 01:15:14 PM,01/03/2020 01:18:50 PM,1.0,0.95,1.0,N,141.0,263.0,2.0,5.0,0.0,0.5,0.0,0.0,0.3,8.3,2.5
400396,2.0,01/03/2020 01:30:36 PM,01/03/2020 01:44:57 PM,1.0,1.7,1.0,N,43.0,141.0,2.0,10.5,0.0,0.5,0.0,0.0,0.3,13.8,2.5
400397,2.0,01/03/2020 01:51:14 PM,01/03/2020 02:01:51 PM,1.0,1.23,1.0,N,162.0,100.0,1.0,8.0,0.0,0.5,2.26,0.0,0.3,13.56,2.5
400398,1.0,01/03/2020 01:15:02 PM,01/03/2020 01:20:57 PM,1.0,1.4,1.0,N,43.0,239.0,1.0,7.0,2.5,0.5,2.05,0.0,0.3,12.35,2.5
400399,1.0,01/03/2020 01:42:26 PM,01/03/2020 01:51:20 PM,2.0,1.7,1.0,N,68.0,231.0,1.0,8.5,2.5,0.5,2.36,0.0,0.3,14.16,2.5
400400,2.0,01/03/2020 01:01:37 PM,01/03/2020 01:05:09 PM,1.0,0.44,1.0,N,236.0,263.0,2.0,4.0,0.0,0.5,0.0,0.0,0.3,7.3,2.5
400401,2.0,01/03/2020 01:09:53 PM,01/03/2020 01:20:30 PM,1.0,1.76,1.0,N,236.0,238.0,2.0,9.0,0.0,0.5,0.0,0.0,0.3,12.3,2.5
400402,2.0,01/03/2020 01:27:16 PM,01/03/2020 01:44:30 PM,1.0,2.69,1.0,N,151.0,50.0,1.0,13.5,0.0,0.5,4.2,0.0,0.3,21.0,2.5
400403,2.0,01/03/2020 01:48:24 PM,01/03/2020 01:52:19 PM,1.0,0.68,1.0,N,143.0,143.0,1.0,4.5,0.0,0.5,1.56,0.0,0.3,9.36,2.5
400404,2.0,01/03/2020 01:23:07 PM,01/03/2020 01:28:34 PM,1.0,0.8,1.0,N,236.0,237.0,1.0,5.5,0.0,0.5,1.0,0.0,0.3,9.8,2.5
400405,2.0,01/03/2020 01:46:34 PM,01/03/2020 02:02:38 PM,1.0,2.4,1.0,N,234.0,231.0,1.0,12.0,0.0,0.5,3.06,0.0,0.3,18.36,2.5
400406,1.0,01/03/2020 01:34:58 PM,01/03/2020 01:44:36 PM,1.0,1.4,1.0,N,246.0,100.0,1.0,8.0,2.5,0.5,3.35,0.0,0.3,14.65,2.5
400407,1.0,01/03/2020 01:46:44 PM,01/03/2020 01:59:47 PM,2.0,0.4,1.0,N,100.0,100.0,3.0,9.0,2.5,0.5,0.0,0.0,0.3,12.3,2.5
400408,2.0,01/03/2020 01:38:54 PM,01/03/2020 02:33:13 PM,2.0,17.97,2.0,N,163.0,132.0,1.0,52.0,0.0,0.5,12.28,6.12,0.3,73.7,2.5
400409,2.0,01/03/2020 01:09:07 PM,01/03/2020 01:24:11 PM,1.0,2.46,1.0,N,249.0,170.0,2.0,11.5,0.0,0.5,0.0,0.0,0.3,14.8,2.5
400410,2.0,01/03/2020 01:37:49 PM,01/03/2020 01:46:01 PM,2.0,1.19,1.0,N,137.0,161.0,1.0,7.0,0.0,0.5,2.06,0.0,0.3,12.36,2.5
400411,1.0,01/03/2020 01:21:09 PM,01/03/2020 01:37:49 PM,1.0,1.3,1.0,N,234.0,246.0,2.0,11.0,2.5,0.5,0.0,0.0,0.3,14.3,2.5
400412,1.0,01/03/2020 01:50:58 PM,01/03/2020 01:58:05 PM,1.0,1.3,1.0,N,246.0,158.0,1.0,7.0,2.5,0.5,2.05,0.0,0.3,12.35,2.5
400413,1.0,01/03/2020 01:09:50 PM,01/03/2020 01:15:26 PM,2.0,0.8,1.0,N,170.0,234.0,2.0,5.5,2.5,0.5,0.0,0.0,0.3,8.8,2.5
400414,1.0,01/03/2020 01:16:21 PM,01/03/2020 01:23:32 PM,1.0,0.9,1.0,N,234.0,246.0,1.0,7.0,2.5,0.5,2.05,0.0,0.3,12.35,2.5
400415,1.0,01/03/2020 01:55:32 PM,01/03/2020 01:55:48 PM,1.0,0.0,1.0,N,68.0,68.0,3.0,2.5,2.5,0.5,0.0,0.0,0.3,5.8,2.5
400416,1.0,01/03/2020 01:56:28 PM,01/03/2020 02:06:18 PM,1.0,0.7,1.0,N,186.0,164.0,1.0,7.5,2.5,0.5,2.15,0.0,0.3,12.95,2.5
400417,1.0,01/03/2020 01:22:39 PM,01/03/2020 01:39:39 PM,1.0,2.2,1.0,N,43.0,170.0,1.0,12.5,2.5,0.5,3.15,0.0,0.3,18.95,2.5
400418,1.0,01/03/2020 01:43:44 PM,01/03/2020 02:04:54 PM,1.0,4.1,1.0,N,164.0,145.0,2.0,17.5,2.5,0.5,0.0,0.0,0.3,20.8,2.5
400419,2.0,01/03/2020 01:48:53 PM,01/03/2020 01:54:25 PM,2.0,1.31,1.0,N,238.0,236.0,1.0,6.5,0.0,0.5,1.0,0.0,0.3,10.8,2.5
400420,1.0,01/03/2020 01:02:30 PM,01/03/2020 01:11:57 PM,1.0,1.7,1.0,N,161.0,142.0,1.0,8.5,2.5,0.5,2.35,0.0,0.3,14.15,2.5
400421,1.0,01/03/2020 01:24:45 PM,01/03/2020 01:30:08 PM,1.0,0.8,1.0,N,239.0,151.0,2.0,5.5,2.5,0.5,0.0,0.0,0.3,8.8,2.5
400422,1.0,01/03/2020 01:59:26 PM,01/03/2020 02:11:52 PM,1.0,1.4,1.0,N,163.0,236.0,1.0,9.5,2.5,0.5,2.56,0.0,0.3,15.36,2.5
400423,2.0,01/03/2020 01:38:58 PM,01/03/2020 01:48:32 PM,1.0,1.16,1.0,N,170.0,100.0,2.0,7.5,0.0,0.5,0.0,0.0,0.3,10.8,2.5
400424,2.0,01/03/2020 01:55:21 PM,01/03/2020 02:04:38 PM,1.0,1.36,1.0,N,161.0,142.0,1.0,7.5,0.0,0.5,2.16,0.0,0.3,12.96,2.5
400425,2.0,01/03/2020 01:16:08 PM,01/03/2020 01:31:24 PM,1.0,2.15,1.0,N,234.0,230.0,2.0,11.5,0.0,0.5,0.0,0.0,0.3,14.8,2.5
400426,2.0,01/03/2020 01:35:24 PM,01/03/2020 01:44:22 PM,1.0,1.47,1.0,N,163.0,239.0,1.0,8.0,0.0,0.5,2.26,0.0,0.3,13.56,2.5
400427,2.0,01/03/2020 01:53:08 PM,01/03/2020 02:11:38 PM,3.0,3.36,1.0,N,142.0,41.0,2.0,15.0,0.0,0.5,0.0,0.0,0.3,18.3,2.5
400428,2.0,01/03/2020 01:02:50 PM,01/03/2020 01:09:09 PM,1.0,0.94,1.0,N,236.0,141.0,2.0,6.0,0.0,0.5,0.0,0.0,0.3,9.3,2.5
400429,2.0,01/03/2020 01:00:00 PM,01/03/2020 01:09:41 PM,1.0,1.35,1.0,N,43.0,164.0,2.0,8.0,0.0,0.5,0.0,0.0,0.3,11.3,2.5
400430,2.0,01/03/2020 01:23:35 PM,01/03/2020 01:36:25 PM,1.0,1.7,1.0,N,170.0,50.0,1.0,10.0,0.0,0.5,2.66,0.0,0.3,15.96,2.5
400431,2.0,01/03/2020 01:56:55 PM,01/03/2020 02:04:49 PM,1.0,1.24,1.0,N,142.0,238.0,1.0,6.0,0.0,0.5,1.86,0.0,0.3,11.16,2.5
400432,1.0,01/03/2020 01:14:00 PM,01/03/2020 01:25:11 PM,0.0,1.4,1.0,N,164.0,68.0,1.0,8.5,2.5,0.5,1.5,0.0,0.3,13.3,2.5
400433,1.0,01/03/2020 01:26:45 PM,01/03/2020 01:34:13 PM,0.0,1.7,1.0,N,68.0,158.0,1.0,8.0,2.5,0.5,2.25,0.0,0.3,13.55,2.5
400434,1.0,01/03/2020 01:43:59 PM,01/03/2020 01:47:20 PM,0.0,0.4,1.0,Y,68.0,68.0,2.0,4.0,2.5,0.5,0.0,0.0,0.3,7.3,2.5
400435,1.0,01/03/2020 01:58:10 PM,01/03/2020 02:14:07 PM,0.0,2.2,1.0,N,186.0,163.0,2.0,12.0,2.5,0.5,0.0,0.0,0.3,15.3,2.5
400436,1.0,01/03/2020 01:36:47 PM,01/03/2020 01:54:50 PM,2.0,2.5,1.0,N,114.0,233.0,1.0,13.0,2.5,0.5,3.25,0.0,0.3,19.55,2.5
400437,2.0,01/03/2020 01:13:25 PM,01/03/2020 01:37:19 PM,1.0,8.68,1.0,N,132.0,197.0,1.0,26.5,0.0,0.5,5.0,0.0,0.3,32.3,0.0
400438,2.0,01/03/2020 01:31:34 PM,01/03/2020 01:43:58 PM,1.0,1.04,1.0,N,162.0,163.0,1.0,8.5,0.0,0.5,2.36,0.0,0.3,14.16,2.5
400439,2.0,01/03/2020 01:46:52 PM,01/03/2020 02:02:08 PM,1.0,1.81,1.0,N,161.0,234.0,1.0,11.0,0.0,0.5,2.86,0.0,0.3,17.16,2.5
400440,2.0,01/03/2020 01:27:47 PM,01/03/2020 01:35:22 PM,1.0,1.31,1.0,N,161.0,164.0,1.0,7.0,0.0,0.5,2.06,0.0,0.3,12.36,2.5
400441,2.0,01/03/2020 01:41:34 PM,01/03/2020 01:47:17 PM,1.0,0.78,1.0,N,164.0,237.0,1.0,5.5,0.0,0.5,2.0,0.0,0.3,10.8,2.5
400442,2.0,01/03/2020 01:05:06 PM,01/03/2020 01:10:55 PM,1.0,0.67,1.0,N,48.0,48.0,2.0,5.5,0.0,0.5,0.0,0.0,0.3,8.8,2.5
400443,2.0,01/03/2020 01:17:10 PM,01/03/2020 01:39:17 PM,1.0,3.91,1.0,N,50.0,211.0,1.0,17.0,0.0,0.5,4.06,0.0,0.3,24.36,2.5
400444,2.0,01/03/2020 01:41:44 PM,01/03/2020 01:52:21 PM,1.0,1.15,1.0,N,211.0,261.0,1.0,8.0,0.0,0.5,3.0,0.0,0.3,14.3,2.5
400445,2.0,01/03/2020 01:09:02 PM,01/03/2020 01:40:13 PM,2.0,3.88,1.0,N,170.0,239.0,1.0,21.0,0.0,0.5,7.29,0.0,0.3,31.59,2.5
400446,2.0,01/03/2020 01:49:30 PM,01/03/2020 02:04:16 PM,1.0,3.39,1.0,N,142.0,75.0,1.0,13.0,0.0,0.5,3.26,0.0,0.3,19.56,2.5
400447,1.0,01/03/2020 01:49:20 PM,01/03/2020 02:02:09 PM,2.0,2.3,1.0,N,186.0,144.0,1.0,10.5,2.5,0.5,2.0,0.0,0.3,15.8,2.5
400448,2.0,01/03/2020 01:08:35 PM,01/03/2020 01:08:38 PM,2.0,0.0,5.0,N,13.0,264.0,1.0,65.12,0.0,0.5,16.48,0.0,0.3,82.4,0.0
400449,2.0,01/03/2020 01:15:45 PM,01/03/2020 01:20:44 PM,2.0,0.67,1.0,N,144.0,79.0,2.0,5.0,0.0,0.5,0.0,0.0,0.3,8.3,2.5
400450,2.0,01/03/2020 01:28:00 PM,01/03/2020 01:38:59 PM,2.0,1.98,1.0,N,234.0,161.0,1.0,9.5,0.0,0.5,2.56,0.0,0.3,15.36,2.5
400451,2.0,01/03/2020 01:43:05 PM,01/03/2020 01:58:02 PM,2.0,1.97,1.0,N,161.0,107.0,2.0,11.0,0.0,0.5,0.0,0.0,0.3,14.3,2.5
400452,2.0,01/03/2020 01:39:52 PM,01/03/2020 01:43:14 PM,1.0,0.63,1.0,N,236.0,236.0,1.0,4.5,0.0,0.5,1.56,0.0,0.3,9.36,2.5
400453,2.0,01/03/2020 01:52:55 PM,01/03/2020 02:06:40 PM,1.0,2.48,1.0,N,239.0,140.0,1.0,11.5,0.0,0.5,3.7,0.0,0.3,18.5,2.5
400454,1.0,01/03/2020 01:45:36 PM,01/03/2020 02:01:26 PM,1.0,2.0,1.0,N,141.0,141.0,2.0,11.5,2.5,0.5,0.0,0.0,0.3,14.8,2.5
400455,2.0,01/03/2020 01:47:50 PM,01/03/2020 02:09:10 PM,1.0,9.61,1.0,N,138.0,107.0,1.0,28.0,0.0,0.5,7.48,6.12,0.3,44.9,2.5
400456,2.0,01/03/2020 01:04:55 PM,01/03/2020 01:12:19 PM,1.0,1.17,1.0,N,170.0,237.0,1.0,6.5,0.0,0.5,0.98,0.0,0.3,10.78,2.5
400457,2.0,01/03/2020 01:14:36 PM,01/03/2020 01:28:32 PM,2.0,1.77,1.0,N,43.0,236.0,1.0,10.0,0.0,0.5,2.66,0.0,0.3,15.96,2.5
400458,2.0,01/03/2020 01:46:03 PM,01/03/2020 02:03:02 PM,2.0,2.82,1.0,N,237.0,74.0,1.0,13.5,0.0,0.5,3.36,0.0,0.3,20.16,2.5
400459,2.0,01/03/2020 01:06:32 PM,01/03/2020 01:14:37 PM,1.0,1.21,1.0,N,107.0,186.0,1.0,7.0,0.0,0.5,2.06,0.0,0.3,12.36,2.5
400460,2.0,01/03/2020 01:34:45 PM,01/03/2020 01:48:52 PM,1.0,2.94,1.0,N,237.0,113.0,1.0,12.0,0.0,0.5,3.06,0.0,0.3,18.36,2.5
400461,1.0,01/03/2020 01:15:25 PM,01/03/2020 01:20:58 PM,1.0,0.8,1.0,N,231.0,158.0,1.0,6.0,2.5,0.5,1.86,0.0,0.3,11.16,2.5
400462,1.0,01/03/2020 01:40:11 PM,01/03/2020 01:56:05 PM,3.0,3.0,1.0,N,114.0,163.0,2.0,13.0,2.5,0.5,0.0,0.0,0.3,16.3,2.5
400463,1.0,01/03/2020 01:58:08 PM,01/03/2020 02:15:09 PM,1.0,4.6,1.0,N,163.0,232.0,2.0,17.0,2.5,0.5,0.0,0.0,0.3,20.3,2.5
400464,2.0,01/03/2020 01:11:56 PM,01/03/2020 01:15:55 PM,1.0,1.06,1.0,N,113.0,186.0,1.0,5.5,0.0,0.5,2.0,0.0,0.3,10.8,2.5
400465,2.0,01/03/2020 01:18:27 PM,01/03/2020 01:29:34 PM,1.0,1.02,1.0,N,186.0,234.0,1.0,8.5,0.0,0.5,2.36,0.0,0.3,14.16,2.5
400466,2.0,01/03/2020 01:49:45 PM,01/03/2020 01:59:07 PM,1.0,0.95,1.0,N,237.0,142.0,2.0,7.0,0.0,0.5,0.0,0.0,0.3,10.3,2.5
400467,2.0,01/03/2020 01:20:16 PM,01/03/2020 01:25:31 PM,1.0,0.77,1.0,N,52.0,33.0,1.0,5.5,0.0,0.5,1.26,0.0,0.3,7.56,0.0
400468,2.0,01/03/2020 01:53:44 PM,01/03/2020 01:57:13 PM,1.0,0.41,1.0,N,13.0,261.0,1.0,4.0,0.0,0.5,1.82,0.0,0.3,9.12,2.5
400469,1.0,01/03/2020 01:17:17 PM,01/03/2020 01:22:32 PM,0.0,1.1,1.0,N,68.0,68.0,1.0,6.0,2.5,0.5,1.85,0.0,0.3,11.15,2.5
400470,1.0,01/03/2020 01:34:57 PM,01/03/2020 01:48:34 PM,4.0,1.1,1.0,N,186.0,170.0,1.0,9.5,2.5,0.5,2.55,0.0,0.3,15.35,2.5
400471,2.0,01/03/2020 01:44:13 PM,01/03/2020 01:51:48 PM,1.0,1.26,1.0,N,186.0,234.0,1.0,7.0,0.0,0.5,2.58,0.0,0.3,12.88,2.5
400472,2.0,01/03/2020 01:05:40 PM,01/03/2020 01:13:04 PM,1.0,1.09,1.0,N,236.0,141.0,1.0,7.0,0.0,0.5,2.06,0.0,0.3,12.36,2.5
400473,2.0,01/03/2020 01:43:38 PM,01/03/2020 01:52:37 PM,2.0,0.99,1.0,N,237.0,142.0,1.0,7.0,0.0,0.5,2.06,0.0,0.3,12.36,2.5
400474,2.0,01/03/2020 01:58:39 PM,01/03/2020 02:10:30 PM,1.0,1.8,1.0,N,239.0,236.0,1.0,9.5,0.0,0.5,2.56,0.0,0.3,15.36,2.5
400475,1.0,01/03/2020 01:28:08 PM,01/03/2020 01:32:17 PM,1.0,0.5,1.0,N,239.0,143.0,1.0,4.5,2.5,0.5,1.55,0.0,0.3,9.35,2.5
400476,1.0,01/03/2020 01:54:04 PM,01/03/2020 02:51:24 PM,2.0,19.5,1.0,N,48.0,1.0,1.0,62.0,2.5,0.5,19.6,32.9,0.3,117.8,2.5
400477,2.0,01/03/2020 01:02:34 PM,01/03/2020 01:05:31 PM,1.0,0.53,1.0,N,113.0,249.0,2.0,4.0,0.0,0.5,0.0,0.0,0.3,7.3,2.5
400478,2.0,01/03/2020 01:17:34 PM,01/03/2020 01:39:32 PM,1.0,4.08,1.0,N,158.0,141.0,1.0,16.5,0.0,0.5,3.96,0.0,0.3,23.76,2.5
400479,2.0,01/03/2020 01:46:07 PM,01/03/2020 01:58:04 PM,1.0,2.47,1.0,N,237.0,41.0,1.0,11.0,0.0,0.5,2.86,0.0,0.3,17.16,2.5
400480,2.0,01/03/2020 01:20:14 PM,01/03/2020 01:29:17 PM,2.0,1.65,1.0,N,231.0,249.0,1.0,8.0,0.0,0.5,2.0,0.0,0.3,13.3,2.5
400481,2.0,01/03/2020 01:40:10 PM,01/03/2020 01:45:57 PM,3.0,1.35,1.0,N,234.0,246.0,2.0,6.5,0.0,0.5,0.0,0.0,0.3,9.8,2.5
400482,2.0,01/03/2020 01:47:56 PM,01/03/2020 02:09:30 PM,3.0,4.24,1.0,N,246.0,87.0,1.0,18.0,0.0,0.5,3.2,0.0,0.3,24.5,2.5
400483,2.0,01/03/2020 01:26:32 PM,01/03/2020 01:52:09 PM,5.0,8.87,1.0,N,138.0,230.0,1.0,28.5,0.0,0.5,7.58,6.12,0.3,45.5,2.5
400484,2.0,01/03/2020 01:57:16 PM,01/03/2020 02:06:10 PM,4.0,1.51,1.0,N,161.0,141.0,1.0,8.0,0.0,0.5,0.0,0.0,0.3,11.3,2.5
400485,2.0,01/03/2020 01:08:56 PM,01/03/2020 01:10:51 PM,1.0,0.41,1.0,N,170.0,170.0,1.0,3.5,0.0,0.5,1.0,0.0,0.3,7.8,2.5
400486,2.0,01/03/2020 01:23:50 PM,01/03/2020 01:51:51 PM,1.0,13.54,1.0,N,13.0,138.0,1.0,37.5,0.0,0.5,7.04,6.12,0.3,53.96,2.5
400487,1.0,01/03/2020 01:00:18 PM,01/03/2020 01:02:10 PM,1.0,0.3,1.0,N,68.0,68.0,1.0,3.5,2.5,0.5,1.35,0.0,0.3,8.15,2.5
400488,2.0,01/03/2020 01:15:19 PM,01/03/2020 01:28:49 PM,1.0,1.27,1.0,N,140.0,236.0,1.0,10.0,0.0,0.5,3.99,0.0,0.3,17.29,2.5
400489,2.0,01/03/2020 01:30:50 PM,01/03/2020 01:34:48 PM,1.0,0.49,1.0,N,236.0,43.0,2.0,4.5,0.0,0.5,0.0,0.0,0.3,7.8,2.5
400490,2.0,01/03/2020 01:46:02 PM,01/03/2020 02:00:57 PM,1.0,1.22,1.0,N,161.0,186.0,2.0,10.0,0.0,0.5,0.0,0.0,0.3,13.3,2.5
400491,1.0,01/03/2020 01:55:24 PM,01/03/2020 02:03:16 PM,1.0,0.9,1.0,N,43.0,237.0,1.0,7.0,2.5,0.5,2.05,0.0,0.3,12.35,2.5
400492,1.0,01/03/2020 01:04:35 PM,01/03/2020 01:06:15 PM,1.0,0.3,1.0,N,234.0,113.0,2.0,3.5,2.5,0.5,0.0,0.0,0.3,6.8,2.5
400493,1.0,01/03/2020 01:11:00 PM,01/03/2020 01:43:24 PM,2.0,11.4,1.0,N,114.0,138.0,1.0,36.0,2.5,0.5,7.85,0.0,0.3,47.15,2.5
400494,1.0,01/03/2020 01:47:43 PM,01/03/2020 02:06:25 PM,1.0,7.9,1.0,N,138.0,134.0,2.0,24.0,0.0,0.5,0.0,0.0,0.3,24.8,0.0
400495,2.0,01/03/2020 01:19:12 PM,01/03/2020 01:32:42 PM,2.0,2.64,1.0,N,43.0,151.0,1.0,11.5,0.0,0.5,2.22,0.0,0.3,17.02,2.5
400496,1.0,01/03/2020 01:05:51 PM,01/03/2020 01:17:48 PM,0.0,1.5,1.0,Y,236.0,141.0,2.0,9.5,2.5,0.5,0.0,0.0,0.3,12.8,2.5
400497,1.0,01/03/2020 01:22:31 PM,01/03/2020 01:37:25 PM,1.0,3.8,1.0,N,141.0,112.0,2.0,14.5,2.5,0.5,0.0,0.0,0.3,17.8,2.5
400498,1.0,01/03/2020 01:17:06 PM,01/03/2020 01:33:09 PM,1.0,2.7,1.0,N,162.0,239.0,1.0,13.0,2.5,0.5,3.26,0.0,0.3,19.56,2.5
400499,1.0,01/03/2020 01:36:18 PM,01/03/2020 01:41:20 PM,1.0,0.7,1.0,N,238.0,239.0,2.0,5.5,2.5,0.5,0.0,0.0,0.3,8.8,2.5
